aa32cdf3-3c08-40e1-8bfd-a7767c377770,magnetic_resonance_imaging,0.2,1,05246701
9c1677f2-923e-4185-bc4d-feb124e7f750,algorithms,0.2,2,02555886
0d39459f-2da1-4084-9a09-f7c2b23eb4c7,neoplasms,0,5,0229852
7c813112-638a-437f-ac31-5e1e72750a16,signal_transduction,0.2,3,02554243785
06baf4d4-8baa-49af-8277-b5cda602beb6,cell_line_tumor,1,4,01631126216
15ab76c3-3154-4ea9-a619-8fd7c00fcd70,obesity,0.8,5,095784
cebda004-3346-498c-b242-2d716abaef72,molecular_sequence_data,0.8,5,091662
7b57af71-d5b4-4b4e-874c-40d497a48032,molecular_sequence_data,0.6,5,018913917181
4e4bb225-5fda-48b5-ae83-43cf9fd1171d,obesity,0.4,9,0890654902428402285
e1f0b64b-4235-4216-9ff8-fc3fb8c16f9e,neoplasms,0.4,2,0182153663527622
405aa1df-c795-4a3f-ba7a-7f430d6e1fd5,cell_line_tumor,0.2,2,01199513145933
dfcd7010-5451-4542-9b34-bf2f12ade13b,magnetic_resonance_imaging,0.2,7,01056467192143
4039ce21-870a-450d-9efd-8d66391d5589,signal_transduction,0,10,0201572391197
096a8a04-f0a3-4f7f-816e-d6c956b541c5,algorithms,0.4,8,07421122320
8868f45b-c93b-4725-a608-8bb96fca29cd,algorithms,0.4,5,0132626
4382f6c2-45e4-426e-9eef-30ac15009fad,signal_transduction,0.2,6,0337034
891db193-6916-4ed3-8d29-a63186c21394,cell_line_tumor,0.6,4,0940147
83a9726f-3336-4af2-a492-fdf627de8f82,magnetic_resonance_imaging,0.4,4,0171392
062f07b1-33f8-4744-9d96-3b7e5e95b993,molecular_sequence_data,0,9,0875977
c0b726f3-1fc6-448e-bed0-0984d5de6251,neoplasms,0,3,0139306
1f7350ea-e753-44d2-8e9f-96107b8b163b,obesity,0,1,072626
e79a4f2e-01c0-4e3e-98b2-74f156f7f448,algorithms,0.2,9,0158451
0f63b5fd-6470-4fef-aa1d-714c2628c935,cell_line_tumor,0.6,6,0159849
dcfb8305-94a7-4baf-8cdd-1703c219234c,molecular_sequence_data,0.6,4,0146552
158fb1a2-9793-475d-aa91-5a078022b532,signal_transduction,0.2,10,0142845
e4a7e7ce-d869-449d-a66c-fa45c7f95bee,obesity,0.6,3,0389996
8fe78a39-7d7d-4721-b5bb-c2a796162a1e,magnetic_resonance_imaging,0.2,10,0183096
5f9c320a-6b35-4b57-ace4-0f4b4eef77e2,neoplasms,1,1,094142
01ef0d2b-7731-4c4d-b309-649f6d5bdae1,algorithms,0,6,0247176
b4f43aa3-8646-4b5b-90df-e2b3eac10f59,signal_transduction,0,8,01591923744
b2d2c295-1ba1-4b67-bd72-820fb3e4833a,neoplasms,0.4,4,01374155715683
daeab203-e4bc-4891-b42f-1d5350557e5c,magnetic_resonance_imaging,0.2,5,01904119515
65dbca95-dcd3-41d2-ab01-d53694d814a0,molecular_sequence_data,0.2,7,057166
2454a7d1-3faa-4794-84a0-fe62e3227f57,cell_line_tumor,0.2,6,0601076
7d8cf546-310e-4e5e-b023-e1d29da31d72,magnetic_resonance_imaging,0.2,5,0156334
56678114-85a6-4377-bec4-ad0c61136a33,cell_line_tumor,0.2,9,0106432923
b969f318-7ec1-48f4-8e16-500145ed9e82,molecular_sequence_data,0.2,10,01684691615
17dd20a9-f245-4104-be01-66653748fb7f,signal_transduction,0.4,9,075487
0893c734-de12-4936-b2cb-972a000f0ea5,neoplasms,0.4,4,041616
820de8de-7b81-4c1a-9416-748dd16ee149,algorithms,0.2,3,077151
3782c52e-6b95-4164-aacb-9e431602615c,obesity,0,4,067290
84e1df44-e09d-4d5d-a693-f1fbf917a29c,signal_transduction,0.6,8,0385969
89dd2d87-c0e9-4c73-9222-0df149cfd9ef,neoplasms,0.4,5,0300395
a929befb-f6b4-4521-bf94-68703974b9d6,molecular_sequence_data,0,10,0757792
42ccff04-7e82-4668-b983-cc8d9e38551e,algorithms,0,6,0207695
24f9c21d-10f8-4eb8-b212-65bd8c041c96,obesity,0.4,2,0266645
28eb3f1f-62c7-40b9-885e-9e19e5ab68dd,magnetic_resonance_imaging,0.6,2,0128615
3ff5bbac-da9f-4376-b141-69b627922d5e,cell_line_tumor,0,10,0214139
732a0a84-663f-4ebb-824e-9e4939bbf736,algorithms,0,8,057533117601597159215
57a42070-3321-488f-9f7e-e1bde7b2e3b9,signal_transduction,0,7,09819764231410181511129568640
c85a1e68-1163-432f-80e1-1fc86191f3aa,neoplasms,0,8,01379669127018603716387999
cb42e9ef-d742-4396-b44a-d3eb17c13a10,magnetic_resonance_imaging,0,8,084680333735011580823628792200403
7b419df4-2a57-48fb-bea7-f95b0a6ceb2b,cell_line_tumor,0,9,077314421631335525628585
ffdec556-2c66-447e-b3d2-1c7aee15acb1,obesity,0,7,07822449119346121120056684
a3700818-eb9e-490b-b5b6-dda5a227a316,molecular_sequence_data,0,6,0398942298720884351115
93f13385-9e92-45e3-95b3-24a991982cf2,neoplasms,0.2,8,05764597407
ce223c57-7447-4ed6-95c9-58989e42531e,magnetic_resonance_imaging,0,9,025902454557
a742bea2-d66a-448a-b3eb-580e32b7faa1,algorithms,0.2,3,0233453
8005507a-0076-4246-804b-561286052a23,molecular_sequence_data,0,9,01335691
7801c53b-a900-4150-8b91-71f2281285ef,signal_transduction,0,9,05169881733
3c9c04f9-d470-4380-a25e-e2f5c115bd56,cell_line_tumor,0,8,0908973608232567
3a88e524-ada5-4515-b29c-82cd5b6dcc12,obesity,0,5,04668161680
ed12065c-3aad-4a0d-8a85-2fe01e1907b8,magnetic_resonance_imaging,0,3,083287
91003383-ff65-4a83-92fe-e1d1806a6143,neoplasms,0.2,1,056096
062ba545-a45c-42bb-9c1c-64321b5de348,cell_line_tumor,0,2,046716
2cda5c5c-c88b-4478-8222-a57a7fc755c7,algorithms,0.4,3,092760
822bf759-c8eb-4f3a-b3da-1dd71ceb100a,obesity,0.2,9,069590
946bb4c5-4b0d-459c-b27e-24ff49bc9765,signal_transduction,0,9,01865413
ff161865-94a0-40f9-9f20-bafb80c69b47,molecular_sequence_data,0,9,051962
902c8082-8fe6-435a-a187-c8d28400d39b,molecular_sequence_data,0,7,0141459
d8d473b7-cf0a-454f-a47e-88fdc6147c4b,neoplasms,0,4,0124413
3d9e2e61-686e-4e89-9fad-f104af8b288e,magnetic_resonance_imaging,0,5,01366
3e2fa40b-0ba3-455a-ab71-0f4d16af4182,algorithms,0,1,01335
8bd7e54f-6766-40a5-82d5-640d21825d90,signal_transduction,0,4,0969
31186fae-d5f9-40d9-82f9-ce70227ceaff,cell_line_tumor,0,6,0774
51c32bb1-18dc-41ac-b02e-5d8c1d1318c7,obesity,0,2,02814
0abdc583-2bf9-4047-9070-300f5a51b9e2,signal_transduction,0,9,0244568
aafdcd71-9420-4c09-bf13-d6489695741f,algorithms,0.4,6,0145348
577232c4-b4be-4da0-8ccb-4fadc07677e0,magnetic_resonance_imaging,0.2,5,0182773
1b922424-9667-4fdb-8ebd-a50f44ea03a5,obesity,0.4,4,0238648
23010795-f105-4ae2-be97-ff6b19dddd49,molecular_sequence_data,0.2,9,0219708
a7f6b47c-0244-4ffa-9465-8f59449f4568,cell_line_tumor,0.4,7,0219139
fbf1f202-5120-4ace-838b-2cd6cb11db2c,neoplasms,0,4,0321353
7e0dde86-67a0-44a3-a80c-2fcf842c4753,neoplasms,0.2,7,0671292886861322271014699
db72a3f2-5f92-41a0-955e-247535e48b17,molecular_sequence_data,0.6,9,0121949737909111977132069456561
deccf336-3814-4cfc-bdc2-708237933029,magnetic_resonance_imaging,0.4,8,09233618351690169130899
e6e0f863-a4bc-4f62-a19e-a5f26b11bdb1,algorithms,0.2,7,072791051250129
519b0b65-90cf-4dc3-b434-da2ef6c25995,cell_line_tumor,0.2,9,0321938
c6e1fafb-167f-4140-9ac9-7367f2f0d15f,signal_transduction,0.2,8,0132574
69bb5a1b-1cd6-4b85-9bfa-9950da90dcdf,obesity,0.2,2,0152525
d48a1e3d-191f-4fe5-83b5-4fd8186b0f57,magnetic_resonance_imaging,0.6,4,0186452
41df9629-cef2-4e26-b061-413cfca8ab5c,obesity,0.8,3,0259132
811fb133-bb82-465a-98d5-2bccdc952bd1,neoplasms,0,6,0238341
ee9020b8-6ab4-4dfd-83c2-fb8e423c3f53,cell_line_tumor,0.4,9,0154840
8d7083b8-e393-494c-a580-b6b5ce96e217,molecular_sequence_data,0.4,9,0282669
54cf9bbf-1757-4b80-866a-c4691937fa77,signal_transduction,0.2,9,0159709
5c7e4858-400b-4cd0-a594-58df61643829,algorithms,0.2,9,072277
cff0cf1e-9582-4b26-b087-b453d51f2e42,signal_transduction,0,6,0251377
86c6fbe3-b0b2-4167-8826-732dfc9ac393,cell_line_tumor,0,7,0202663
f78cc7dc-7405-4a06-986a-5138208d8680,algorithms,0,6,0109937
9c1ec1bf-f294-43c9-9d61-c1d2663c4348,obesity,0.6,7,064779
c54a5194-efae-4c5d-be6a-406792172071,neoplasms,0,3,055689
a39b35f1-86b9-4422-9984-40365a5c40bb,molecular_sequence_data,0.2,8,063310
40aa70d8-cbbd-4db6-affd-783d9df0cc49,magnetic_resonance_imaging,0.2,8,0119329
f0a418c4-8d84-4c5d-b216-a6051a0cfc9a,obesity,0.2,8,092275
e1c71744-9a41-4226-aca0-610483cafa6c,neoplasms,0.2,7,092125
9701e0dc-0a77-424b-865e-55f07b08e68b,magnetic_resonance_imaging,0.2,8,0126998
21955f9a-13c1-4d6b-8f54-91f1a7f70860,cell_line_tumor,0.2,7,074480
767ba7fd-59cd-46b6-8cdb-553fd8c8ec23,signal_transduction,0,8,051385
7a99ff08-92c0-422f-9225-7df1f1bbabc0,molecular_sequence_data,0,9,053516
243094d1-8f35-4b3d-a170-07a467d932f1,algorithms,0.2,7,062580
2eadd862-0595-4ec8-972c-e7f4b4f03ccc,cell_line_tumor,0.2,5,010303142081
9ec06471-0b8b-41e3-8370-534f4830265a,obesity,0.2,7,0740516461968115871
c61b7d4f-b508-4874-b7bb-3e749ac8bc7a,algorithms,0.4,8,04096989152575286917
c39d36ae-29dc-42eb-840a-302fae23a8d5,neoplasms,0.4,10,0224310229241390106738
8175be5b-9745-4a30-96bb-77ed6c916202,molecular_sequence_data,0.4,9,035838224275849973
60af7523-3884-47ad-83a1-c8e5e6b0acc8,magnetic_resonance_imaging,0,10,02169324617
0253dd6f-8c4c-4c5b-8059-170c68a0244e,signal_transduction,0.2,6,098084
16416608-65b2-4fef-b82a-9db42fc83245,molecular_sequence_data,0.8,6,0195896115800
7de4b73a-51bf-46b4-b2de-8049382cad41,algorithms,0.6,6,013981485609
83200e29-3d33-4589-a464-5d23a14907c9,signal_transduction,0.4,7,012456886947
5cafff7b-9eb7-435a-8f19-3eda44c1efae,neoplasms,0.4,6,014543262313
457800d9-1809-4ecd-9c7e-5b1795fb83c4,obesity,0.2,6,013142259767
ff2b16af-1e85-45ab-bf92-26e4b2f74544,magnetic_resonance_imaging,0.2,2,015063227230
20305817-ad49-4ee6-acad-e6ac9f1736a6,cell_line_tumor,0.4,10,097672123561
d15f48c2-2151-48eb-ab95-b7a7d6e2c326,magnetic_resonance_imaging,0,8,067370
b77a5f9b-4ca5-442b-8053-f73b750251e9,obesity,0,7,053112
0d960a66-e506-4773-994b-567b9f476fc2,algorithms,0.2,9,042412
a397f127-3b48-4501-b5d4-eb1ac18bbf39,signal_transduction,0,7,060751
6920d3bf-d753-41a0-802e-b3f5e610aded,molecular_sequence_data,0,8,060959
b2fc474a-1367-456a-b211-5a57738b69d4,neoplasms,0,8,051031
8767216a-c20b-4c8c-93ee-13bada756a0c,cell_line_tumor,0,7,067173
8d70af82-060b-49b3-9efe-15720b379fdd,molecular_sequence_data,0.8,5,041184220795140549
44f92734-da40-4ced-86de-ab0a393eadb5,cell_line_tumor,1,5,0194674369160661
8d90010b-0695-4f1a-96a1-5be4b2637579,algorithms,0.6,5,06458053777707
458c1036-d2b3-46e3-956b-f3b116bf9ade,obesity,1,7,06416260274513
98a21bb3-c833-4eef-b63d-99ac2c6c33f3,neoplasms,0.8,5,07653557455889
2054a987-e492-42ce-a5a8-d3629c82c9b3,magnetic_resonance_imaging,1,6,012879277755127
b96964c9-06e4-48bf-a187-3e7a9626e207,signal_transduction,0.8,7,05650662179911
e189c360-b20d-4a5f-9390-a4415e360de5,neoplasms,0,7,0274872788226425
b0e551cf-5da0-47bf-9194-fbd22ab8fa1a,signal_transduction,0,8,0196014128523581749794
a497486d-a3ad-4e8e-91ff-f4e0bf3488ad,magnetic_resonance_imaging,0,8,015433784541509285
c62d3347-d144-40e9-afc6-c04d9dd8e5f0,molecular_sequence_data,0.2,7,01432440428777
1ea8ab5e-225d-4278-aa4c-195820cb99cb,algorithms,0.2,7,0166838726260214526
0acab068-231f-4791-b81f-5a786ccb73a1,cell_line_tumor,0,7,023574107186252
abcfcdb9-3273-403b-bb19-909792e7b250,obesity,0,7,0483406
1b09ad5d-af01-420d-9463-d08b12201e1b,molecular_sequence_data,0,7,0317918
c1930436-eb17-48fc-89bc-9e21b8e30f38,cell_line_tumor,0.2,7,0114171
78954d1b-bfcb-4f81-a137-89d7942207dd,magnetic_resonance_imaging,0,7,0160861
4e706185-5796-4066-b502-627fc1ac36fc,obesity,0.2,5,0252692
dafae981-409d-47c5-a6ef-3260462afd63,neoplasms,0.2,4,0124878
2ee2a076-548d-4fe8-a8f7-3010926c025e,signal_transduction,0,6,0146882
73508f74-7eb4-4bd7-a5d3-7fc3f769ecd5,algorithms,0.4,8,0136479
747d8872-4a78-40d1-ab06-6902d7ed1abe,algorithms,0.4,6,0107204
581370f4-9fdd-41ff-a671-241b58b244b3,neoplasms,0,5,098410
e5f5417c-5eef-41c9-987f-a1a067a2e92e,obesity,0.4,4,0151838
27e6b3c9-e603-44d7-879e-3c4fb11c1db9,magnetic_resonance_imaging,0,5,0103432
cf7fd9b5-77c7-4448-8258-9156c3ddbf56,signal_transduction,0.2,8,0112138
a813a6fb-5cf6-49f6-bdf5-e363c459c4aa,molecular_sequence_data,0,8,0138531
f7f178dc-ff9e-4a66-bfc5-9bbb056a7c37,cell_line_tumor,0.2,7,0111217
1300bcc5-7a42-46ee-8592-6705d67316f5,signal_transduction,1,6,0234738289576
e9e3a96a-acfd-4482-b334-f3cafa8f3d18,obesity,0.8,5,0112875113238
a61e6ac0-104b-454a-a09a-77184a31eb03,magnetic_resonance_imaging,1,7,058652103875
4199daef-83da-43e8-93bc-99b7e38a0630,cell_line_tumor,0.8,6,05001058564
39de8ddc-fa68-4247-8053-bd09e11fe5be,algorithms,1,5,04392390230
e498ce20-8316-45c1-8708-e1145fe74ae6,neoplasms,1,8,04899251195
066157d2-9a68-4472-9816-e5f5f572a6ed,molecular_sequence_data,0.6,6,05886362811
96a1bbfb-8428-4315-8309-3077f251d0e8,cell_line_tumor,0,6,0356708
e3478fd5-2ccc-4724-930f-ceb06b1958f5,obesity,0.2,2,0347704
be54eda6-cf5d-4a29-ad2d-6d4866716300,magnetic_resonance_imaging,0.2,1,0174119
17eb515d-8789-42ad-8364-dbe9e1d6cbb9,signal_transduction,0,7,0518464
0872e81c-1ff0-4641-9a1f-1f8ee81c1335,algorithms,0.4,5,0213803
cd209b86-016d-4301-b846-d2a8f10069f3,neoplasms,0,3,0237198
d9cc4386-4b91-4b81-8b2f-6b1643c3bfe8,molecular_sequence_data,0.4,10,0132067
11dd6572-cbfb-483c-89fb-298677906908,signal_transduction,0,7,056114314702305915204266
5c2ea873-d306-45a9-b318-7c25b37d8616,neoplasms,0,7,02996184253136136178757
a64a062e-4cf6-461b-a22d-efa56bf2c107,magnetic_resonance_imaging,0,6,0207148126748482387
e4707204-af66-4515-8ca1-79665a82d083,algorithms,0,8,0203240194567112496
0083eb4d-1819-47c4-8370-0bf86324020c,obesity,0,5,038524220117987686
9ad6865d-9372-45ac-851c-bea98aa72ad1,cell_line_tumor,0,8,0199702260615236504
62a4c6e4-2e97-4e45-88e8-36e8339bcad3,molecular_sequence_data,0,6,038006219521792349
ed000639-9c1d-4c7e-a5e8-5f5239d7a0bb,neoplasms,0.4,5,043350
72794502-b707-4501-924a-ab425e80ef4c,algorithms,0.4,4,020597
eab8ebff-0738-4603-aa17-84a04342fd27,magnetic_resonance_imaging,0.2,10,0223715
fba16816-2740-40ac-b450-a35f41740b39,cell_line_tumor,0.2,6,0156853
65d6cbf4-478a-4f8b-9fb2-5d66ae7877ee,molecular_sequence_data,0,7,0338612
225430bc-c884-44a0-b6ab-d9c7bde2ad74,signal_transduction,0.4,5,0272233
f5c74302-7dae-4327-820d-4458b1a67fa6,obesity,0.4,7,0489459
b18dd4a9-e692-4231-acc2-2d1841155fff,cell_line_tumor,0.6,4,079256
c513d628-ec42-4673-b37d-17614c7c546e,neoplasms,0.4,6,091045
d882d414-74b6-4638-b46c-043988a489da,signal_transduction,0.2,8,079158
75d64f82-de34-403a-8535-8fd581ac9770,molecular_sequence_data,0.2,10,083502
06b4f001-5e63-46cc-a798-b4d6d639d126,magnetic_resonance_imaging,0.2,10,0202090
992e34cd-e2d5-41c3-a2ae-b188330b64c6,algorithms,0.6,6,067206
bd27d0dd-9c89-46a8-a9fb-3582afda15c2,obesity,0.2,8,092660
df032f3f-50f8-47d5-af86-35c291a37e29,magnetic_resonance_imaging,0,9,0495061162981
bdeeb77a-b2e5-417c-8e72-acb8e7578b94,obesity,0,6,0251802535059
28d0b0da-1bda-47aa-9f59-e6f75882da93,signal_transduction,0,8,07457182828189889
72ab9d63-3f20-4596-ba9e-08d6e7b76911,cell_line_tumor,0,9,0363124638108756
5a3599cc-14d6-4d58-967b-7b0086935ef1,algorithms,0,9,022157061249
5ce4807f-3f91-42fa-8ec9-26a1d77e860e,neoplasms,0,4,08606574861
59a0597b-5d24-495a-a2fa-571739ff27a5,molecular_sequence_data,0,10,0190277121397
1bcd554f-0093-4f52-9145-97001d8ebcd0,cell_line_tumor,0,6,0218646883483
13ef0ea3-a3cf-46f9-9a3b-8c9b2be6d422,obesity,0,4,0135269271248
6b5eb230-c47b-436e-99ba-075fe1012bd7,signal_transduction,0,4,0493021239201
df72b9f2-2954-41b2-a58e-a637ceec69a2,molecular_sequence_data,0,4,0373896139879
c2740d32-a7f0-41d3-9aff-594992a6495f,algorithms,0,3,074896411439
048e9c9a-e731-45e1-8758-613ccb82ebcf,neoplasms,0,3,016809303032932
380d3468-1357-4c8d-a737-ccccca8b2368,magnetic_resonance_imaging,0,3,07537643332
8d9886ab-2513-4217-9f3e-b35b9823d0ef,cell_line_tumor,0.6,5,0105330
f083966a-3870-4ea0-bd57-f3d5de0d0c3d,neoplasms,1,5,093800
7bac7473-9b17-498b-8f3e-cf8e5c87b370,algorithms,1,4,060504
841cb70f-f9a7-4e23-ada5-ae1d3e715c5a,magnetic_resonance_imaging,1,5,078767
835104c6-be84-4968-a14c-c52a9a859230,obesity,1,6,098654
e333ad98-26dc-4abd-a166-bb4757244855,molecular_sequence_data,0.8,6,060096
647a7f00-5026-45cb-9e5e-ae85f7ce5313,signal_transduction,0.6,6,071524
ad6e7766-5af3-479a-950e-34e4c624025f,neoplasms,0,3,052976122821337874
7a59d80e-4cd4-4c2c-954f-b7dd84955241,signal_transduction,0.4,5,030098929111100323031273818
69833c34-61d4-42ab-b1fd-c2734ab4e60b,cell_line_tumor,0.4,2,0611769928153315027599123
05855128-4482-41d6-8d98-1d44e96af1dc,magnetic_resonance_imaging,0.2,4,01188367210984918233679
1fe672ed-0eb2-4dc0-95fa-277ba9cd72da,obesity,0.6,1,014471299074
5086b39f-547e-41c9-81cf-f77638190edc,algorithms,0.6,1,01600329
61a5e7b6-da83-49e0-80ce-067bf51ad0d3,molecular_sequence_data,0,6,0296811
28416114-18e4-402d-ab22-6f1df2a7bb2b,cell_line_tumor,0.2,2,055839
6210ce86-47e4-451b-a5a0-4d7113d190b4,molecular_sequence_data,0,6,0429187
50b15bdd-735e-4ed1-b467-044f48c29238,obesity,0.6,4,020465074718881694
4ef40cc4-a65b-4fd8-8679-a0c48463db51,algorithms,0.2,8,0234518274157831340
230b9c63-3982-4d3d-b5e5-8298c5d39359,neoplasms,0.2,4,042279
601eaaa5-bd20-4286-971d-942dd791fd11,signal_transduction,0,10,057303
ce2f0075-9786-4f86-89a6-907e6ddfb42a,magnetic_resonance_imaging,0.6,3,065231
75c2c496-eb2d-40b2-a67a-66ce8f2e7f7f,obesity,0.6,2,0151033
f715ae77-5876-4f77-a786-4b0379de1901,magnetic_resonance_imaging,0.4,3,0153159
900bbb27-95fe-48f9-9d86-8b5950303906,cell_line_tumor,0,4,0184834
e7d323c1-cfcc-4649-bdcd-48db3bf01a40,molecular_sequence_data,0,3,0147457
fe5728ee-c9a3-4b5d-a56f-e5c8548bb581,algorithms,0,4,0171566
3b1bef68-20a4-44a9-bdf4-3f1b141aea16,signal_transduction,0.4,6,0167582
b96cb077-2de1-4fec-80e0-d64f43f71b48,neoplasms,0,5,0176853
29a8a252-9bf5-4895-8758-6e0743746550,obesity,0.4,1,0174661
95ee30b1-4b58-4116-9c2d-d591adb2ed2f,cell_line_tumor,0.4,5,0124743
29002472-c55f-4e69-84d1-dcc1667ca9ea,molecular_sequence_data,0,3,0278445
e62e674e-cd88-44be-ac29-405499e925c2,algorithms,0.8,4,0230311
a41595ce-ff26-489c-ac22-73e273587b9d,neoplasms,0.8,3,0154298
f2cddff2-f2c2-4939-9a27-7f3aa09586a6,signal_transduction,0.6,1,079654
e592cd4b-fb30-478e-bbb5-89a643573fb4,magnetic_resonance_imaging,0.6,4,0120762
05398466-b893-40f3-a87a-0aa94171c2d8,obesity,0,4,0538662
d516d284-6b1c-4b7d-8e27-4f352ee4d796,neoplasms,0,1,0235038688
d6d73ebc-4bef-4851-8bf9-3bcb8e1bba19,molecular_sequence_data,0.4,4,02638278317
4ac2373f-cda1-441e-8a2b-c7d9cdd31655,cell_line_tumor,0.8,3,0232829
2c47c517-4a1b-46cb-8e63-ad1583ca3e55,signal_transduction,0.2,6,0323419
33b75563-6932-47ce-bb91-23f5ae84f8e7,algorithms,0.6,8,0225547
2d0f5373-2336-44ea-b23f-fc1fc3e287c7,magnetic_resonance_imaging,0.6,1,0237364
7a7fd5bf-c18b-47a9-9677-a917aa4df872,algorithms,0,7,0104849
88153519-2e55-49a1-973d-d8969c56274b,signal_transduction,0.2,7,0139530
215d967b-9b3f-4fe8-9107-4a4c77c042a0,magnetic_resonance_imaging,0.2,8,090571
c97faf34-d771-4193-8e8f-c8370427d58b,neoplasms,0.2,9,095936
2504129f-55cd-4483-a71b-d94e48a2aff6,molecular_sequence_data,0,7,066123
56af4a26-94dd-4661-997a-7ff7aa15bcd9,cell_line_tumor,0,7,067034
0c0a354c-90c3-44aa-ae9d-e4ba62086a70,obesity,0,8,052209
5141926f-fc21-4ac3-896e-a82945eebac6,algorithms,0.4,3,01455209
18e18685-8335-46d3-8ab0-763e4ee5010a,molecular_sequence_data,0,4,01775214
78ee7501-5b86-4ccc-8f90-cad61cd207f9,signal_transduction,0,7,09478259
2f074469-beea-4a6b-89b2-fde26cd9acad,neoplasms,0,10,0211945
91512b9e-175c-4220-ba83-66e79a083fcf,cell_line_tumor,0,9,0177684
b3092a73-dddb-465e-a6ea-eefdfd731945,magnetic_resonance_imaging,0.4,7,0319174
0dd5ba1e-b3cc-4f5d-9056-9d18cbcf5549,obesity,0,3,0207616
e0a7dc56-4396-447d-a6c1-75476f097945,neoplasms,0.2,7,0103470
9c14a927-93b5-4a02-9adf-ffb0b6a9bd7a,algorithms,0.2,7,0136990
83d709c9-01a2-4556-b730-5450ba4b1872,molecular_sequence_data,0.2,5,0109024
61c26a94-74d3-4525-89c2-5f08b8f27bb3,signal_transduction,0.2,5,0125656
71fd5fe4-459d-4fca-b84d-26c956ccc2c7,obesity,0.6,8,029178
840aa843-e592-4161-8dd0-df94b0f8a75f,cell_line_tumor,0.2,6,0147776
1ea16e89-cadc-4456-9544-8d2b78f075fb,magnetic_resonance_imaging,0.6,7,078336
4b0b1510-7376-4dc8-9d33-f681f85525ad,magnetic_resonance_imaging,0.2,6,0436328
f88994b1-6e31-4f0b-8295-bc1eb844990a,molecular_sequence_data,0.2,10,0230726
98e36293-9b74-40f3-9f67-0175ecdead71,signal_transduction,0,8,0384958
685acc19-a793-4313-9798-33a2c4da2f15,cell_line_tumor,0,8,0135096
8ce8b74b-8725-4339-838d-793a4ba706f2,neoplasms,0,6,0206417
316c1552-f99e-4440-91ea-513195833540,algorithms,0.2,4,0319012
30b9011b-3051-4650-9071-9399e35c4290,obesity,0.2,2,0129025
dd070556-e5e2-48ef-a2a1-0bc3e21adeca,neoplasms,0.4,3,0500619
6ff631f7-ad94-4384-be17-549f10c120bc,cell_line_tumor,0.4,3,0185170
cbe02689-8c6c-4389-a99e-ec54893e4add,signal_transduction,0.2,4,0249905
d003306b-1fa8-4ad7-9a55-80ba065d4197,molecular_sequence_data,0.2,5,0187835
21f3eeac-1b76-4510-bd21-bc36187b9ff9,magnetic_resonance_imaging,0.4,3,0181757
94621f6f-1f9c-4ffa-9375-fb6ef298466d,algorithms,0.2,3,0210583
2241fc29-3fd7-4c2c-b1ab-d69ed09ac6d0,magnetic_resonance_imaging,0.2,5,0271344
81b425fc-6fd7-49e7-9d78-3f2d3bf1c171,molecular_sequence_data,0.2,6,01241432735
2bc393b1-693d-454c-82ef-a5577c42674c,cell_line_tumor,0,8,093980118888
591e87ed-2466-4198-847d-0c5cec973421,neoplasms,0,8,0134085
c49639f9-d8a9-47cb-b2ac-ab805e405da7,signal_transduction,0.2,8,0161879
82656895-8b66-4793-9984-f4739a70ea8a,obesity,0.4,6,0119163
406a548e-b587-45f6-ae9d-7c7e90b5db04,algorithms,0.6,8,0163577
2c5e8fc5-10f0-4a87-bb7f-b9b4231e268b,molecular_sequence_data,0.8,5,0319602
dac11f0e-c363-4f35-8aed-20417a0f4d17,neoplasms,1,5,095985
0010bddd-2d60-42c4-867d-15a793624c8b,cell_line_tumor,1,5,087361
1a7d197c-f3b8-4b1a-884d-1dffc6878df7,algorithms,1,4,0127455
f0fc330b-378b-4df1-aaa4-055b1857cef4,obesity,0.8,4,0181609
09fa8cb2-df9a-4f1f-b6dc-925ffa5e40e3,magnetic_resonance_imaging,1,5,096995
69395ad5-16ec-46bf-975e-02afa147ac62,signal_transduction,0.6,6,070537
15eb9e18-8557-4334-a912-64c73e6f9f1f,magnetic_resonance_imaging,0,7,01262075581177
85deb804-11a7-4337-9a89-2e06caf77826,algorithms,0,2,0292513893381
8b6c0fc4-b214-4593-938c-12df6656a099,obesity,0.4,5,0191720279
c9fde5d8-e1f3-487d-a318-2154023ea162,signal_transduction,0,5,0122431508
5e63ebc7-26cb-452c-be35-e85d08e6558b,neoplasms,0,1,056637
0218ee0e-44c2-47f7-b6b4-613ef27a22e8,cell_line_tumor,0,10,01858
168c6ab8-ebd3-4581-a36d-8515fc16639d,molecular_sequence_data,0.2,2,0139700
b8a7024a-48fd-401f-a8c9-42198b51e365,obesity,0.4,1,0229127
66c8ae03-78db-46ce-aad5-7c3a4ae3a4d4,neoplasms,0.2,4,0269791
a544a987-0236-4868-b42b-65cca5e35a3c,algorithms,0.4,6,02790923213
5991ec02-34f7-4393-bb99-6bf47574abae,magnetic_resonance_imaging,0.2,8,08088229271
d79311b7-a490-493d-af5b-661b59511efb,molecular_sequence_data,0.2,9,0270949
222dc8ed-584e-4624-8332-f4c5e4f7e90a,cell_line_tumor,0,9,0210590
d1aa1821-204b-4cdc-b438-cfecea8da3be,signal_transduction,0.2,10,0224641
f466da2f-0cbb-4475-91e8-6f5b80b72228,signal_transduction,0,0,061917966
1cf68975-55eb-429c-8ebd-534048defee0,cell_line_tumor,0,0,011290916
328f0098-e72e-417b-9d6d-2feafaa1b341,magnetic_resonance_imaging,0,0,0732
8b8d480d-0f32-4b43-af4f-adfdc8c67657,obesity,0,0,0853
010adf4d-cfbf-4626-baa5-4fa87a337b24,molecular_sequence_data,0,0,0757
18ed918d-f945-4031-a348-48960723a047,algorithms,0,0,0807
193b2747-ae92-45ca-b7de-c4f8aa574e7f,neoplasms,0,0,02420
2ec8887a-c15f-4685-bd49-fdf713b85922,neoplasms,0.4,1,0375603
dc8da3e8-f226-4226-9bf2-80a8f9c73fed,algorithms,0.2,2,0225382
ecde1a7a-c794-4cc0-90a1-01a2e1abe379,molecular_sequence_data,0.2,3,04145428145
41e80476-fb1a-429a-8df5-73a5be702f40,cell_line_tumor,0.4,4,02379419914
e2dda3d9-521d-4e03-a3b8-3972f05e6422,magnetic_resonance_imaging,0.2,5,0275872
e4f408da-c259-404f-a117-d8884183aa9a,signal_transduction,0,6,0268214
c21a50a4-8758-4e51-9a0e-1f47a5ec135f,signal_transduction,0,7,0154736
1aea4ad2-b230-43f6-a7ca-8664c3640842,neoplasms,0,6,0104043
934da911-525c-4c3d-8a5c-ebfa2b685380,magnetic_resonance_imaging,0,7,063566
c166ae35-4dd6-450d-8fbc-b613d3ac4e2a,algorithms,0,8,097321
8d726930-4ebb-48a0-8d36-fa0ada4df8d8,cell_line_tumor,0,6,051541
4ca0abb6-7924-48da-ae8b-5df71227c4af,molecular_sequence_data,0.2,8,0203311
025aa027-ac16-486b-b738-d7351a9c6f87,obesity,0,10,077311
36e10a3b-8df8-4538-b0cd-d42cfb3a6eb9,cell_line_tumor,0.2,4,0127870
96b314b1-ab00-438a-a091-f39fa0f18e04,magnetic_resonance_imaging,0.2,2,061092
47655d87-5085-4d2a-9105-74f92db7ac40,molecular_sequence_data,0.6,8,059305
722194e1-057a-466e-90d5-f796001626e1,neoplasms,0.6,7,083834
d2a501e1-225b-47d5-9978-623f4c616334,algorithms,0.6,5,0119798
449ee6ea-05f9-4bb8-84a2-ffbd2fd04b3a,signal_transduction,0,6,0134375
da044545-9548-41eb-84be-0bd3cd24017e,algorithms,0,2,0708993206736
64060f0a-d22f-4075-bafc-b359436cb0de,molecular_sequence_data,0,10,0360268209797
b37d495c-612d-41ee-875b-24e3790d42bb,magnetic_resonance_imaging,0,2,0518840167658
75ee2d48-d776-4963-8060-67f476be0ae0,cell_line_tumor,0,7,0557578196785
cb32fcce-2647-48de-934c-281b650eaf30,obesity,0,6,0285078133894
fe431473-2d27-4bb3-8bfa-0f7429e86adf,neoplasms,0,4,0320567213937
94902b00-73a6-44fc-bb66-3d9cea713048,signal_transduction,0,5,0214283171128
911cf1f4-7f92-4d36-a630-85bcfaa53f55,magnetic_resonance_imaging,0,4,0341281
b5aa3a52-5dc5-4760-abf0-e22d8bee06a1,cell_line_tumor,0,8,01971601
7fa409e4-bc3c-4d90-aab6-49d105db90b6,algorithms,0,3,0323031
33339e24-89d4-4d22-badd-d4aeca05a2ff,molecular_sequence_data,0.2,7,0668344
9e8bc50e-2537-496b-b0a6-c1e3b844cd5c,neoplasms,0.8,2,0628895
4f7d0646-7c41-4abc-b7eb-40e22f0281bf,signal_transduction,0,6,0349911
dbcb21a6-0ab5-4c01-87ea-4482e1d61e3c,obesity,0.2,5,0184543
4c321dbb-0001-4fb1-9ced-11826cce4349,molecular_sequence_data,0,0,01614681150319720320320617620419019019120832198443026546861
b3cc60b8-cbad-4395-b424-f4f91712c5ba,obesity,0,0,0161246361121439220521920719818820518936010841183245372
bba19fb3-a5a0-4ed8-87ff-31c89707783e,algorithms,0,0,083449196221261
43f7fcc7-4622-48f1-aacc-20c5920fbe21,magnetic_resonance_imaging,0,0,064072198198269
c3d60209-7ca3-4520-9b50-6b6b689e51e8,neoplasms,0,0,0325695198221296
58a985f3-11e7-4a0d-8061-325e4cd7ab75,cell_line_tumor,0,0,0106057352654357
da7c8e37-2681-40e9-85e2-09975680b802,signal_transduction,0,0,0129202285379427
4afb776d-6ebd-4427-be49-5926c2670f29,signal_transduction,0,0,031411008
3e6765f9-13f9-458e-8bcc-90c692225a18,cell_line_tumor,0,0,0280684
8863eaf6-0e9c-4062-83ca-a8599bc8278b,magnetic_resonance_imaging,0,0,0366
e26e4426-b9d5-4e15-bb56-4c25570fb318,molecular_sequence_data,0,0,0258
d8fafdf1-2b6b-4ad4-8cca-4322b294410a,neoplasms,0,0,0438
250cb884-021f-45ec-8aaf-decd6f7f2dc4,algorithms,0,0,0247
36e8731b-c633-492b-95a7-e1601cee1ca1,obesity,0,0,0361
45b551dd-f5b1-4f3d-b824-f2292715ffe8,algorithms,0.2,2,083403
6630b9fb-fa44-49cd-83c5-9ad95c2bfce3,cell_line_tumor,0.2,7,0157058
e76f4818-9291-40c5-b50c-72b1b1d00afc,signal_transduction,0,6,0918406054
936cbe6c-1e51-4796-9678-b5a2116f7503,magnetic_resonance_imaging,0.2,3,0174355906
2c9a5921-40d8-4e5b-abd3-f6391918080c,obesity,0.4,10,0157495
1d401f74-051e-4f63-967a-955463a54a96,neoplasms,0.2,7,0291447
b64540b3-1638-409b-aee6-c71da635223c,molecular_sequence_data,0,9,0141538
d132f5d2-5966-422b-956f-cb7320134c7a,magnetic_resonance_imaging,0,10,0223467
e96e0be2-22c5-4711-a889-de7487e91219,signal_transduction,0,5,027375
271b1b5f-f54c-4423-a894-dabd43ad9320,cell_line_tumor,0.8,10,041788
930ed549-8e54-4178-9cba-f5afa43d7ca5,obesity,0.2,6,085896
e1b94d4a-a5f4-457d-8da7-9a99d9e4c857,molecular_sequence_data,0.2,5,058858
98031939-d334-41b0-b6e7-c4d2a67ecf35,neoplasms,0.2,7,039309
aac17648-595d-4e9d-b149-f6aca4677ea2,algorithms,0,4,020744
603b0aa0-6b90-4711-b74f-7d26c4a40e7f,cell_line_tumor,0.4,6,056172
491d8a4c-d766-4650-95a5-376cd38fe979,obesity,0.8,3,0100738
84464c8f-d8ab-40a7-b3de-c9e02eabca94,neoplasms,0.4,1,053690
9e352685-d728-43bd-b7a8-5e29d1aa2163,signal_transduction,0.2,2,0118086
b495b5ce-0067-4d8a-a9b9-5495c41f97a7,magnetic_resonance_imaging,0,4,0109668
9c20f33b-4ce3-4b20-8ce3-99154a85e6e4,algorithms,0.4,5,0141029
58ab7ce8-a2ef-488c-9a20-02f118fbabf6,molecular_sequence_data,0.2,7,085507
b42b0334-9a3d-4609-8ea7-13937ad546ea,cell_line_tumor,0,6,01118273
f71b8a15-063a-44f4-83a3-490a5ab9ca22,signal_transduction,0,0,0915
846f5409-682d-4d1a-8302-c62b54280fce,neoplasms,0,0,0596
f86ca1aa-4093-48c3-ba1d-914752ee66c1,algorithms,0,0,06152819
1cb714b1-9017-438d-8fca-cb822c2eb111,obesity,0,0,0691683
55e5c1af-cea9-4b66-a7d9-3d8760145552,molecular_sequence_data,0,0,0566
08c51c21-3ab2-4937-b5bd-23e0f1b9c879,magnetic_resonance_imaging,0,0,0904
a123585b-ecca-4805-8cf3-cb50652eac35,molecular_sequence_data,0,8,0200404
abc59239-58fe-46e4-bae1-ba1731851aa0,magnetic_resonance_imaging,0.4,4,0117501
b8090376-90a8-42e4-9af7-7541ed5f29bf,obesity,0.2,2,0993351032
21fc66bd-47de-4e1e-8bf3-7f37a8d1259e,neoplasms,0.2,6,01629120059
babcf17c-eb5c-442c-b04d-27ad51063dca,algorithms,0,7,075150
58503ff7-a238-4f30-ad43-7e22194c41ce,signal_transduction,0.4,6,086532
ed3534df-6dfe-44be-99bb-4457646554d0,cell_line_tumor,0,4,079896
ee8a0faa-c99b-4388-b8a3-0d2105cab318,signal_transduction,0,10,022041
33053865-eecb-4887-9bea-68627ffbc318,cell_line_tumor,0,10,0115577
c769f820-f125-4408-9c30-6a715833d2f8,obesity,0,110,037496
2460f961-4b81-479f-bc34-1ea9855420e0,magnetic_resonance_imaging,0,10,0222523
b3cbd929-6e85-41fe-acfa-faa42db2a873,neoplasms,0,10,0245718
45932d31-d4af-46d7-8c46-1e1993eebefe,molecular_sequence_data,0,10,0623484
b69fc76c-8b8a-43be-8927-d0c86ff667cd,algorithms,0.4,10,0161888
5cc7a191-2220-4f36-afd6-2af95d53b8ba,cell_line_tumor,0,8,0505564265181
ad6dbd44-1c54-4608-922f-21234590eb26,magnetic_resonance_imaging,0.2,5,01835257775
31e03d18-25f2-44b1-a082-ec09c785c663,neoplasms,0,8,0250361
ce2485ff-8cad-4921-98ef-b14fb1f643ad,molecular_sequence_data,0.2,8,0246163
b28f2b56-b39a-4086-b3e3-9ec2fe14ed89,algorithms,0.6,6,090147
8935b01b-3f8c-44ef-8552-99493f4b4e64,signal_transduction,0.2,6,097594
9ea8b12c-b8b4-4c1b-b35e-a2498886a48b,obesity,0.2,6,0229272
d7e24961-60b2-49fd-b35f-536686f7684a,signal_transduction,0,6,0178652
255d4c30-3f16-4c1d-a7c4-b7cac6351d48,neoplasms,0,4,0417910
82b0cb19-fd12-4d8c-bade-7cd79571d617,obesity,0,3,067276
22906c6c-4fb9-4ee1-a3e7-a07ae4658b41,magnetic_resonance_imaging,0,3,045300
4571d553-34fd-4c05-8471-01c23cb5ff0d,cell_line_tumor,0,5,0138687
f1a5a118-8638-43a7-b86e-8db450c68080,algorithms,0.2,6,084719
ef9191d9-430b-4915-9b42-eec30eb12d39,molecular_sequence_data,0.2,7,093186
841857dc-04ca-4cad-bcb6-90f2e29b3d94,magnetic_resonance_imaging,0,4,0124269
1a8d5d78-3790-465d-914d-03211a34bac9,molecular_sequence_data,0,5,0149069
fac6d585-28c0-4a32-8cbf-bb329fc0e942,cell_line_tumor,0,5,0138220
f2b77033-8eb5-4ae8-b55e-17828fe0ade7,obesity,0,3,087410
2a525d8c-2ad0-4f4c-b8e4-19367c1b863f,signal_transduction,0.4,6,077440
eaafd98b-3857-40dd-be12-a98787ab6eda,neoplasms,0,7,080253
4137f6b1-cddd-4d26-bbad-72a704f71120,algorithms,0,4,058119
6f14e2ca-4423-4f62-82d7-5d49b5a9b954,molecular_sequence_data,0.6,7,0193853
c7296f67-c251-407c-9aed-1adf4422e5c0,cell_line_tumor,0,9,0313231
94cc446e-8950-4981-87da-d12c87db6f63,obesity,0,7,0348614
9ffb5187-0ba1-4154-a8f6-0c5cc08c32e1,algorithms,0,6,0450090
98d04387-efc2-49bf-9381-c3ba67f5f4fa,magnetic_resonance_imaging,0.4,8,0123061
b74e598d-938d-447d-b452-c2622bece57b,signal_transduction,0,6,0176708
9369ae59-bb64-4542-80b6-b460ac907335,neoplasms,0.2,5,01440573
abebe394-9069-4957-bbcd-edf0aa480d3a,signal_transduction,0,10,0380130
f27a2a46-118e-4a85-9f15-4f9dc6ac4cb9,algorithms,0,8,014261
fcdf0500-458b-4a9d-a8fb-85a5a0e88ccc,cell_line_tumor,0,5,01892
419ad24d-f881-4523-b186-5c8fe790494d,magnetic_resonance_imaging,0,10,01243
6d23beb6-9eb3-46f6-bb74-8f5949dbf8b3,neoplasms,0,10,01815
c1403719-1344-4119-b33e-e241caa87143,obesity,0,10,0901
5a9760fc-c780-4cbe-9cb4-56ddb6e7d3e3,molecular_sequence_data,0,5,01697
dd942f2e-ffa3-4d34-8bed-7ceeea3eb359,obesity,0,7,0131490
2b704348-4a61-4fb3-ab16-a2da20eca7d5,magnetic_resonance_imaging,0.2,9,077562
fa57c99f-e4af-4ba9-b6a0-23903bbe6e9e,molecular_sequence_data,0,7,049992
b384b60d-0d70-476e-9e50-4adb29aafbd6,neoplasms,0,4,0101905
35582712-64bb-48a3-85e6-5cb3ce0c9cf3,cell_line_tumor,0.2,8,053173
91bb6388-b94b-41b6-b6f3-27eef7ce5773,signal_transduction,0,9,068414
137b863d-eb70-4b8a-80b7-9a4328a30ee5,algorithms,0.2,5,045780
027ca1a2-6aab-4c66-9c60-776a0b416e1c,cell_line_tumor,0,10,01593917609331159155081159017672236
ed6a32ce-d443-474e-83ff-444a45bbc7d8,signal_transduction,0,10,01475531208604821216497210722721023072686259270
62cbc901-2f0f-4e78-ba8d-17ddf2f8b45d,neoplasms,0.2,7,0447916456789137796
4399d7a0-de1e-471f-a085-af722805bca0,molecular_sequence_data,0.2,6,03570165521
62cd8463-a964-4750-bfff-bdddc5b0b8fa,obesity,0.2,8,0167909
0cae31f3-967d-48d8-8c13-36452423c1ff,magnetic_resonance_imaging,0.2,6,0187372
665ceddf-f741-4c4f-8535-556005bb1f06,algorithms,0,7,0145771
e94dfb44-dd9c-4893-bf37-31878669ede9,signal_transduction,0.2,8,0755805
d8e2b8ab-fa45-486f-8f77-b6d99d10be58,algorithms,0,3,0313962
2a7cfd63-eb25-44a7-8d7b-018191fd7246,magnetic_resonance_imaging,0.6,5,0317523
57cfedf1-25b3-4ed9-9f94-e94ddcb186bd,neoplasms,0.2,4,0103212
ff6dbf2e-54a6-49e3-8e44-85f5bdec6dc6,cell_line_tumor,0,7,0491252
30023602-ee8f-4841-9b14-9e8196634bb7,molecular_sequence_data,0.4,6,0315874
ed421899-cbe0-480c-bfb8-c21cd60555fb,obesity,0,5,0954923
e8ecfe41-7a2f-4cee-85ef-e7f062f1784e,obesity,0.6,5,032974431021184
ad596515-b569-41da-b1ee-87d8736d0c7a,neoplasms,0,7,0364241081571599
366a97b3-950c-49d4-901c-f9d244ea619c,cell_line_tumor,0,8,084056547302
d3cbbe5e-b66f-4445-a9ae-f19c85f924b8,signal_transduction,0.2,5,084353689446
95b64af2-5ddc-45b7-bf11-f0c248c56ccb,magnetic_resonance_imaging,0,6,0215457381
05b1b27c-1226-4158-a835-dc82dcb45140,algorithms,0.4,7,067911
0d23e102-11d6-4bed-a6cb-d1e6d0e9c5f7,molecular_sequence_data,0,8,074788
e9f7a06b-24af-4f9a-8e20-5f8efdb107bf,obesity,0.2,6,043940414516761493
147e5884-3875-4fc7-8bb1-5dcac4495fe3,molecular_sequence_data,0,8,0745467814847634517
b018b32b-c468-4e2a-a0af-09109502b89b,cell_line_tumor,0,8,02313171357363270
aea2694f-ecda-4a02-a941-8b6ead0bf8fa,algorithms,0.2,4,05707620116350338
7edc706b-8af1-470d-867b-708068137ea8,signal_transduction,0.2,8,0460246146182966
12dbbbb2-b027-411f-9e90-80aa0398e8d6,magnetic_resonance_imaging,0.2,9,020131731390029
91232f3e-274a-41d6-a342-9c0107e6d412,neoplasms,0.6,6,0162057
063cb551-440c-43f3-9b03-7d3fb1fe7d5c,signal_transduction,0.6,5,018106032998
41608342-7f7f-42c7-8305-157e916dabfc,cell_line_tumor,0.2,6,08049808903
3c8308c5-8ea1-4632-8e47-9e0129ed3a6d,neoplasms,0.6,7,0237515
9ae8d823-2fa5-4234-ae2f-eecd3e9c1201,algorithms,0.2,5,0387332
61d9ee01-cbe8-4829-a08a-58fdb57b0169,magnetic_resonance_imaging,0.6,10,0185701
fdcedc6c-db9e-4038-b4b4-32e03e7760f0,molecular_sequence_data,0.2,9,0155569
1150e84d-eaf8-45f6-8466-c008efa4713e,obesity,0.8,1,0131648
7c86e243-00e3-433d-b15e-c5e99a9a7425,molecular_sequence_data,0,8,0230196
55a05059-f6e5-485c-be50-f81568b3d3c5,algorithms,0.2,7,0110462996
d41ba84d-68ec-400f-8d4f-6d311bfc57e9,magnetic_resonance_imaging,0.2,5,0126693859
ab047361-ec3e-4a5c-8205-c30d8017fe24,signal_transduction,0.2,4,087719
2526f473-ccd0-47c6-a51e-80904a402cf9,obesity,0.4,4,0221134
00c7709a-c80b-47d4-b477-20df6ab040d9,cell_line_tumor,0.2,5,071980
e9fce1c0-0d67-4d9b-95be-3009d4228481,neoplasms,0,2,074886
9fb22c03-46b6-46bf-9a42-2226b3b98555,algorithms,0,7,073919
c0e16be6-9a3c-45bc-91ad-9d1765401a60,neoplasms,0.2,5,040469
e2f5c1c3-1eb6-4ce5-8a76-bf3980df65d2,cell_line_tumor,0.4,8,027137
c7b3c238-19a1-41a9-a23e-006940abaec8,molecular_sequence_data,0.2,7,095081
2a3c82f1-2b0e-4a2d-9cc6-04992432a023,magnetic_resonance_imaging,0.2,7,070466
3ecc6f6d-f383-44ae-891c-a56a5b21abb0,signal_transduction,0.2,6,0107389
6a0d242e-61d5-413b-8ebf-876dd62cf417,obesity,0.2,8,062357
d25909b9-2d05-4ac3-9635-2675b0f91d87,magnetic_resonance_imaging,0.2,5,0222176
9b293f71-a7dd-4134-9405-73063d7d67dc,cell_line_tumor,0.2,8,0227141
b7f27724-90e7-4087-b02d-bcfe7e273755,molecular_sequence_data,0,6,0451866
38100bc7-2b71-46dd-8f2c-b208382f8d08,neoplasms,0,7,0286617
65aee690-5665-4b2c-b9a5-15d867f15053,algorithms,0,6,0111431
a6ad846d-ba42-43ec-9a7d-5611a0cfa942,obesity,0,5,0437657
49df01e4-719f-4168-a2a0-e79600c418bc,signal_transduction,0,4,0214545
49c50acc-c59a-4ead-92f5-28c32eedb1f5,cell_line_tumor,0.4,10,0720140
47a17d81-abe1-476b-873a-263ee75cf369,molecular_sequence_data,1,9,0998545
8bf184a5-1580-4ffd-950c-1662185de8fe,signal_transduction,0.2,8,0168340
f7f71150-f163-4a33-b64e-547a7b75c6db,neoplasms,0.6,6,0200732
d0558275-b014-4d43-aea3-f789acfbf9b1,magnetic_resonance_imaging,0,9,0193029
5cd33082-9016-4160-b986-d6d2a30213c7,algorithms,0.6,4,063864
cf578765-c2d4-40be-a15d-8b24feabe859,neoplasms,0.4,4,0120978
79a7a29a-63bc-4fc5-be9d-74317b0822d6,magnetic_resonance_imaging,0.2,6,0113849
cd9d89ef-4f11-4208-b367-32e5bf4eebde,signal_transduction,0,7,0181916
22871daf-6d5b-4bd3-9fc4-8cb43439168d,cell_line_tumor,0.4,8,088212
c6aaa2e6-5eb4-4841-8458-2e88bfec4dac,algorithms,0.2,9,0107560
ce6676ea-307b-496d-a99d-3cc88827b99b,molecular_sequence_data,0.2,9,090281
3cf5c3a7-ec6e-433f-a05d-583a56d313c2,obesity,0,7,0321006
7d9ae9a1-41ae-44ac-973a-b8bc4a3db640,magnetic_resonance_imaging,0.4,10,0145414
cea30772-9f80-4a02-9786-7ae89200ad52,molecular_sequence_data,0.2,6,0147390
e0d09061-56ef-4cf2-93e6-88fba6b334ee,cell_line_tumor,0.2,9,0149270
f9584973-18f4-4c9c-8697-87cc285031f3,signal_transduction,0,10,0148380
8cdd8beb-3fff-4e50-b6b6-253808c999f6,algorithms,0.4,6,086678
e76bb37b-8fc1-4c00-9ae5-c4ff3b6cdbad,neoplasms,0,9,0119039
835f0a50-4155-435c-91b5-88e1d198ba74,neoplasms,0.2,7,0145644
652d9d56-8205-4cb1-86fe-ff166bf73d12,signal_transduction,0,9,0477547
4794a33e-c400-44b0-b424-f9136956477d,cell_line_tumor,0.4,9,0445968
e9ada77c-d883-4e90-a1a9-3fba74498236,molecular_sequence_data,0,8,0177927
f79b635c-9587-462b-80c1-427997c14b09,magnetic_resonance_imaging,0.2,7,0184826
9fe043ff-b459-4472-a37f-741713bc6f2c,algorithms,0.2,4,076857
55cb4fe9-f05c-467c-8dc4-f566c8a504a3,cell_line_tumor,0.8,10,0634669435732884315321300
17550ca4-c75f-40fc-8a34-93899cefc6e8,signal_transduction,0,8,03046365702145718989327812535644175420952046150317031420
544f16e4-fafe-4d10-8ca7-d77115be7b40,molecular_sequence_data,0,8,011684347736162011741215954108522506506771366128439231169
8d67e8fc-6881-4b66-a61c-7e1175f53b56,neoplasms,0,9,0249566186005863851606341812596013563193575
a42904dc-0530-4851-9e18-3e568798fde7,algorithms,0.2,8,016075368306190712031939
15ca4c09-8471-4063-af8e-0a5e7e1c24b8,magnetic_resonance_imaging,0.6,7,038074946703088