1,8129.507,7528.801,7603.55,11324.13,10884.8,11237.74,4381.887,2936.951,2741.5,6.23943662,0.309859155,0.464788732,0.464788732,0.478873239
1,2922.004,1785.376,1757.407,5885.401,4534.636,4771.964,7947.825,7736.881,7865.668,5.333333333,0.083333333,0.1875,0.229166667,0.291666667
1,3851.308,2340.261,2316.749,9003.442,6329.688,6339.152,2714.031,1300.553,1244.96,5.120567376,0.113475177,0.177304965,0.219858156,0.326241135
1,6576.968,4238.235,4364.196,14271.56,14233.69,14637.85,5098.7,2434.534,2278.21,5.735294118,0.176470588,0.226890756,0.31512605,0.378151261
1,12541.4,13332.97,13483.25,17645.63,22032.25,22289.6,3823.235,1565.409,1421.792,5.898876404,0.275280899,0.415730337,0.516853933,0.556179775
1,5424.465,4320.489,4422.757,11786.24,12093.57,12137.61,2025.409,862.1751,797.3164,5.614285714,0.185714286,0.242857143,0.357142857,0.428571429
1,8615.243,7300.297,7057.496,15491.56,16535.26,16570.06,4205.407,1884.791,1669.076,5.55017301,0.21799308,0.287197232,0.387543253,0.460207612
1,4468.034,3677.319,3623.854,7214.2,6682.406,6803.211,1547.65,720.371,672.7762,5.699152542,0.161016949,0.296610169,0.368644068,0.398305085
1,3434.692,2199.847,2168.696,6218.599,5363.602,5236.165,2411.59,1247.112,1139.285,5.582524272,0.111650485,0.213592233,0.276699029,0.334951456
1,4167.581,2905.974,2810.84,9168.576,8899.996,8692.732,2108.627,712.9878,695.2189,5.528735632,0.16091954,0.287356322,0.310344828,0.390804598
1,3469.086,2529.972,2474.569,8040.239,7203.156,7039.489,2627.758,1535.564,1562.573,5.767241379,0.146551724,0.155172414,0.181034483,0.25862069
1,10984.7,10209.38,10533.43,21858.21,20923.65,21612.01,3419.304,1462.514,1432.555,6.240506329,0.286919831,0.371308017,0.443037975,0.493670886
1,4403.172,3952.316,3878.46,10977.78,11875.95,12126.84,1746.601,955.2707,933.1704,6.232876712,0.095890411,0.219178082,0.232876712,0.301369863
1,7249.162,5951.388,5693.908,13909.81,13910.34,13535,4203.962,2060.117,1847.617,5.951807229,0.180722892,0.281124498,0.321285141,0.389558233
1,5043.092,3175.711,3177.975,11369.87,9493.061,9818.404,2930.184,1252.1,1267.284,5.420454545,0.107954545,0.125,0.1875,0.261363636
1,5302.679,3913.156,3863.049,8071.311,7880.628,7583.927,3653.887,1857.406,1698.801,6.075,0.125,0.225,0.35,0.4
1,4805.756,3406.567,3398.652,10219.44,8857.417,9074.341,2758.897,1161.854,1099.629,5.91588785,0.182242991,0.257009346,0.313084112,0.38317757
2,10806.31,10802.43,11057.56,15121.93,17617.12,17914.81,3189.07,1684.237,1593.133,6.609929078,0.276595745,0.425531915,0.475177305,0.553191489
2,9458.455,7929.497,8175.063,21679.62,23840.09,24232.78,4352.565,1776.367,1773.464,5.195804196,0.216783217,0.293706294,0.377622378,0.454545455
2,6825.804,5154.166,5135.123,10564.98,8426.403,8792.344,3349.941,1722.789,1558.06,5.245810056,0.279329609,0.402234637,0.446927374,0.480446927
2,4805.756,3406.567,3398.652,10219.44,8857.417,9074.341,2758.897,1161.854,1099.629,5.91588785,0.182242991,0.257009346,0.313084112,0.38317757
2,6441.241,3767.943,3749.737,11364.83,9638.919,9525.209,3154.735,1538.126,1513.236,6.374269006,0.216374269,0.304093567,0.362573099,0.421052632
2,12441.02,9150.582,9329.038,22532.3,23790.84,23699.53,5292.557,1933.823,1889.798,5.738693467,0.281407035,0.346733668,0.432160804,0.527638191
2,22443.92,17793.91,18171.56,32861.55,31061.74,31586.89,20977.18,15855.06,15877.27,6.072847682,0.440397351,0.549668874,0.592715232,0.632450331
2,4447.304,3089.466,3143.402,8938.214,7800.873,7960.798,2020.68,739.3349,656.4866,6.01369863,0.136986301,0.198630137,0.280821918,0.404109589
2,12752.97,8735.03,8867.566,19345.48,18347.02,18614.47,4816.871,2059.509,2060.338,7.263157895,0.368421053,0.50877193,0.526315789,0.596491228
2,6872.22,6120.795,6201.551,11575.1,13685.29,13956.98,4235.628,2306.474,2378.924,5.51171875,0.1953125,0.26953125,0.375,0.4140625
2,5850.376,4981.735,5068.186,10394.92,10091.41,10468.16,3243.077,1960.029,1886.476,6.015503876,0.298449612,0.337209302,0.38372093,0.468992248
2,9474.953,8011.13,8094.568,16088.23,16402.23,16781.75,4707.727,2453.418,2398.825,5.607003891,0.307392996,0.385214008,0.455252918,0.540856031
2,22443.92,17793.91,18171.56,32861.55,31061.74,31586.89,20977.18,15855.06,15877.27,6.072847682,0.440397351,0.549668874,0.592715232,0.632450331
2,2236.486,1342.421,1306.143,3646.611,2719.064,2752.478,2182.105,1292.867,1289.976,5.199029126,0.101941748,0.140776699,0.189320388,0.247572816
2,6941.497,6196.116,6245.142,12346.96,11182.22,11164.67,2397.734,1039.989,1055.867,5.922651934,0.215469613,0.337016575,0.386740331,0.46961326
2,9762.864,9032.311,9089.997,16901.58,14996.04,15575.2,3161.869,1628.243,1691.481,6.414285714,0.242857143,0.385714286,0.442857143,0.5
2,7728.529,6178.005,6135.622,13137.99,15355.92,15660.87,2581.477,1172.385,1091.677,6.355,0.245,0.315,0.375,0.475
2,10125.27,7344.854,7536.505,15935.7,14346.13,14704.9,4555.214,2473.508,2508.345,6.32038835,0.208737864,0.330097087,0.378640777,0.45631068
2,5485.368,3383.183,3318.442,10379.09,8922.388,8814.801,4334.94,2698.793,2779.338,5.886792453,0.169811321,0.254716981,0.339622642,0.433962264
2,8086.138,6200.901,6072.549,18954.09,28661.81,27093.69,3237.659,1801.667,1793.687,6.375,0.208333333,0.333333333,0.395833333,0.479166667
2,6830.563,5035.821,4885.08,12511.22,12127.43,11598.23,3868.401,2342.131,2140.818,5.788793103,0.228448276,0.306034483,0.357758621,0.426724138
2,6343.635,5054.898,5089.128,11247.87,10461.39,10541.54,4421.804,2623.42,2565.35,5.516556291,0.218543046,0.298013245,0.341059603,0.443708609
2,5485.368,3383.183,3318.442,10379.09,8922.388,8814.801,4334.94,2698.793,2779.338,5.886792453,0.169811321,0.254716981,0.339622642,0.433962264
2,14516.75,15095.98,15106.93,24982.51,30417.82,30895.48,6892.861,5900.897,5862.356,5.155279503,0.434782609,0.546583851,0.590062112,0.652173913
2,4340.95,3045.425,3002.107,9602.236,8395.178,8565.256,3023.668,1767.241,1720.172,5.684210526,0.105263158,0.157894737,0.231578947,0.357894737
2,5302.679,3913.156,3863.049,8071.311,7880.628,7583.927,3653.887,1857.406,1698.801,6.075,0.125,0.225,0.35,0.4
3,8714.336,7302.122,7462.026,11430.18,10830.58,11025.48,3789.566,2614.532,2636.48,6.108910891,0.227722772,0.346534653,0.396039604,0.435643564
3,3297.188,2524.395,2512.528,6420.194,4602.078,4503.629,2060.43,796.6425,754.8201,5.924369748,0.151260504,0.235294118,0.294117647,0.344537815
3,3109.307,2088.792,2152.547,7073.983,5331.36,5177.56,2093.664,727.8456,761.1186,5.269230769,0.134615385,0.192307692,0.221153846,0.278846154
3,5451.574,4010.888,4125.027,10560.45,8739.872,8865.802,2333.939,935.5819,931.7024,5.945736434,0.170542636,0.286821705,0.333333333,0.410852713
3,6854.861,6459.84,6013.804,12140.82,11790.88,11469.05,4070.877,2304.733,2242.22,5.8375,0.125,0.2125,0.275,0.4
3,4953.992,3598.999,3616.942,8769.511,7404.606,7689.397,2006.554,711.8873,729.067,6.022988506,0.210727969,0.275862069,0.356321839,0.406130268
3,5580.568,4343.432,4284.777,9450.224,8789.031,8935.896,2219.156,888.6251,864.9721,5.906593407,0.203296703,0.288461538,0.35989011,0.392857143
3,4231.229,2705.835,2688.134,7537.123,7314.988,7487.261,2487.56,1113.572,1013.496,5.214007782,0.167315175,0.249027237,0.315175097,0.392996109
3,4403.172,3952.316,3878.46,10977.78,11875.95,12126.84,1746.601,955.2707,933.1704,6.232876712,0.095890411,0.219178082,0.232876712,0.301369863
3,6223.742,4605.087,4698.151,10106.29,8858.477,8994.238,4226.125,2261.022,2224.211,6.544715447,0.162601626,0.24796748,0.369918699,0.402439024
3,5925.767,4635.081,4663.276,11196.36,10279.87,10429.79,1759.526,616.5834,544.9461,5.960159363,0.175298805,0.282868526,0.374501992,0.438247012
3,11739.82,8883.03,8972.648,21206.56,19931.43,20210.19,6000.379,3450.434,3380.462,6.78125,0.322916667,0.4375,0.5,0.572916667
3,5818.425,3092.599,3113.101,11425.88,10484.04,10623.57,2840.349,858.4744,763.242,6.228070175,0.236842105,0.307017544,0.359649123,0.403508772
3,3789.282,3291.494,3317.404,6965.733,6514.227,6800.291,1482.237,579.0091,533.9147,6.038461538,0.166666667,0.230769231,0.294871795,0.358974359
3,4947.813,3942.249,4000.532,7220.051,7347.157,7848.111,2210.886,1323.795,1230.098,5.660714286,0.214285714,0.321428571,0.339285714,0.464285714
3,8470.303,9105.053,8600.858,15908.48,18978.67,18609.6,4321.397,2653.585,2686.277,5.503546099,0.212765957,0.375886525,0.418439716,0.475177305
3,16227.07,17110.59,17153.02,27753.27,30615.19,30820.5,7392.99,5027.619,4727.001,6.370689655,0.362068966,0.456896552,0.5,0.560344828
3,11667.64,9568.18,9470.571,15801.51,15249.1,15576.05,6214.098,3775.965,3597.125,5.734265734,0.321678322,0.398601399,0.51048951,0.545454545
3,8455.694,6700.919,6640.264,13352.08,11576.15,11844.86,3921.917,1625.51,1622.874,6.347305389,0.305389222,0.395209581,0.431137725,0.479041916
3,9274.97,7598.483,7584.308,15486.03,15385.73,15471.83,4271.184,2317.549,2278.34,6.064039409,0.275862069,0.39408867,0.458128079,0.492610837
3,8175.094,6583.515,6612.35,14417.15,14651.95,14940.1,3328.474,1090.987,1009.377,6.382978723,0.20212766,0.287234043,0.404255319,0.478723404
3,12277.39,10302.87,10237.56,20976.52,24122.69,24577.98,4763.607,2710.868,2443.989,6.448275862,0.282758621,0.448275862,0.482758621,0.524137931
3,17587.38,18361.78,18747.77,30887.1,37690.91,38074.72,9094.677,5301.087,5070.759,6.26446281,0.309917355,0.409090909,0.487603306,0.566115702
3,8263.717,6426.953,5990.512,14434.8,12554.25,12420.94,5110.558,2299.903,2037.314,6.424870466,0.29015544,0.352331606,0.383419689,0.476683938
3,9103.4,6733.944,6736.535,15221.09,16249.43,16535.25,3973.483,1579.923,1595.049,6.138248848,0.262672811,0.3640553,0.442396313,0.506912442
3,7154.108,4979.211,5010.416,13415.85,11165.41,11029.05,3214.676,1455.997,1460.041,6.097435897,0.2,0.307692308,0.374358974,0.471794872
3,8543.452,7905.451,7885.648,14936.08,15619.77,16019.31,4365.013,2476.448,2463.678,5.158208955,0.304477612,0.388059701,0.441791045,0.492537313
3,5451.574,4010.888,4125.027,10560.45,8739.872,8865.802,2333.939,935.5819,931.7024,5.945736434,0.170542636,0.286821705,0.333333333,0.410852713
3,7461.314,5869.087,5857.433,13197.01,13973.49,14343.18,5033.153,2751.096,2670.027,6.11682243,0.163551402,0.257009346,0.331775701,0.425233645
3,8086.138,6200.901,6072.549,18954.09,28661.81,27093.69,3237.659,1801.667,1793.687,6.375,0.208333333,0.333333333,0.395833333,0.479166667
3,12877.95,10662.18,10695.82,19610.77,20028,20249.97,6006.411,3253.805,3165.042,6.067114094,0.322147651,0.416107383,0.44966443,0.520134228
3,3663.456,2312.84,2255.673,6946.846,5757.783,5930.917,1823.01,645.7118,579.1258,5.331360947,0.130177515,0.195266272,0.266272189,0.331360947
3,5676.369,4966.146,5155.868,12262.49,13754.31,14044.32,2287.521,1168.292,1232.608,6.065789474,0.25,0.315789474,0.381578947,0.486842105
3,6878.911,6025.438,5851.864,13003.96,13929.97,13944.74,3731.223,2042.414,1952.174,6.140495868,0.219008264,0.309917355,0.384297521,0.409090909
3,6534.668,5026.34,5060.245,11652.1,10253.34,10316.04,1972.28,825.663,741.5459,5.71641791,0.184079602,0.338308458,0.39800995,0.487562189
4,11077.06,7930.731,7876.169,17107.67,14642.65,14945.32,5030.133,2277,2152.926,6.166666667,0.3125,0.411458333,0.4375,0.536458333
4,5154.338,4084.584,4056.269,8249.303,7710.49,8117.838,2406.743,1464.84,1397.594,5.756906077,0.276243094,0.38121547,0.403314917,0.447513812
4,15943.2,10431.24,10502.46,28910.81,34084.8,34571.37,4895.888,2045.584,2170.238,5.810810811,0.297297297,0.486486486,0.513513514,0.621621622
4,21596.49,21550.86,21958.16,27973.05,31806.14,32045.48,10768.98,8166.77,8239.364,6.179372197,0.372197309,0.573991031,0.578475336,0.627802691
4,9980.409,9801.902,9735.195,16866.24,17686.24,17848.41,5350.083,3084.704,2991.381,6.701030928,0.309278351,0.378006873,0.412371134,0.457044674
4,6830.563,5035.821,4885.08,12511.22,12127.43,11598.23,3868.401,2342.131,2140.818,5.788793103,0.228448276,0.306034483,0.357758621,0.426724138
4,8591.995,6588.264,6762.748,14514.73,14501.7,14689.47,4898.643,2223.564,2102.472,6.02295082,0.226229508,0.33442623,0.367213115,0.485245902
4,6803.233,4674.658,4699.055,12666.19,11282.05,11543.3,3653.793,2345.66,2348.175,5.844594595,0.135135135,0.236486486,0.358108108,0.425675676
4,8488.008,7118.057,7106.551,13335.53,11981.97,12120.84,3578.23,1649.571,1531.236,5.65615142,0.283911672,0.369085174,0.432176656,0.514195584
4,6872.22,6120.795,6201.551,11575.1,13685.29,13956.98,4235.628,2306.474,2378.924,5.51171875,0.1953125,0.26953125,0.375,0.4140625
4,6223.742,4605.087,4698.151,10106.29,8858.477,8994.238,4226.125,2261.022,2224.211,6.544715447,0.162601626,0.24796748,0.369918699,0.402439024
4,4989.121,4174.568,4068.958,11836.8,12436.83,12782.21,2451.602,1131.79,1083.872,5.640151515,0.140151515,0.246212121,0.340909091,0.375
4,6784.712,4968.97,4897.411,11729.14,10391.89,10528.72,4228.708,1839.267,1690.991,5.980861244,0.28708134,0.358851675,0.377990431,0.425837321
4,4231.229,2705.835,2688.134,7537.123,7314.988,7487.261,2487.56,1113.572,1013.496,5.214007782,0.167315175,0.249027237,0.315175097,0.392996109
4,4995.886,3353.423,3450.006,12702.41,11297.36,11553.87,2807.643,1577.454,1502.203,6.064935065,0.142857143,0.201298701,0.285714286,0.38961039
4,9493.138,8511.256,8736.507,13882.26,13492.11,13746,4557.929,2515.712,2595.228,6.573529412,0.338235294,0.397058824,0.433823529,0.485294118
4,3297.188,2524.395,2512.528,6420.194,4602.078,4503.629,2060.43,796.6425,754.8201,5.924369748,0.151260504,0.235294118,0.294117647,0.344537815
4,7254.726,5946.459,5878.253,11229.25,11940.86,12232.22,3459.588,1577.555,1433.108,5.669724771,0.174311927,0.302752294,0.366972477,0.417431193
4,11154.7,10332.46,10332.25,17990.85,17742.41,17815.66,5822.188,3299.141,3077.09,6.608294931,0.34562212,0.442396313,0.511520737,0.557603687
4,7151.385,6116.891,6276.105,12070.71,12754.37,13582.09,3203.252,1348.177,1260.643,6.018987342,0.272151899,0.379746835,0.424050633,0.455696203
4,9792.187,8387.697,8445.975,17882.18,20342.04,20295.46,3285.161,1487.581,1413.71,6.525252525,0.267676768,0.328282828,0.409090909,0.51010101
4,13777.34,10855.64,10846.47,18048.83,18231.74,18438.49,4750.493,2201.371,2037.084,6.027027027,0.283783784,0.452702703,0.527027027,0.560810811
4,5344.185,3672.449,3759.239,9463.752,8045.383,8533.049,2965.855,1553.255,1446.155,5.595744681,0.184397163,0.255319149,0.290780142,0.432624113
4,4697.467,2425.22,2462.312,8022.781,6245.908,6305.414,2971.073,1025.655,1033.182,5.344339623,0.108490566,0.212264151,0.287735849,0.382075472
4,11000.91,9719.7,9633.95,17726.3,15939.47,16097.32,5090.545,3516.725,3471.675,6.325,0.295,0.405,0.455,0.53
4,12541.4,13332.97,13483.25,17645.63,22032.25,22289.6,3823.235,1565.409,1421.792,5.898876404,0.275280899,0.415730337,0.516853933,0.556179775
4,9222.206,7739.257,7850.701,17326.39,15953.35,16234.08,2365.259,1082.182,1012.594,6.478947368,0.157894737,0.321052632,0.389473684,0.457894737
4,7650.775,5295.625,5297.709,12866.16,11777.73,11927.43,4138.112,2031.362,1921.873,6.052980132,0.281456954,0.357615894,0.400662252,0.456953642
4,8166.137,8172.601,7956.085,16074.88,18449.95,18997.35,2966.045,1735.3,1663.018,5.850877193,0.280701754,0.377192982,0.412280702,0.447368421
4,7679.345,7424.635,7498.759,12086.8,11515.11,11491.78,4071.508,3106.888,3086.587,5.371287129,0.232673267,0.381188119,0.435643564,0.465346535
4,7446.78,7546.335,7698.593,11994.28,13854.05,13847.43,4060.625,3021.401,2943.056,6.116071429,0.276785714,0.348214286,0.428571429,0.482142857
4,4820.23,3507.601,3464.362,9062.021,8238.471,8436.231,2553.765,1398.264,1380.914,5.624309392,0.135359116,0.220994475,0.29281768,0.339779006
4,8051.761,6333.665,6125.925,16902.28,16259.08,16337.48,4439.501,2117.767,1948.654,5.787234043,0.226950355,0.333333333,0.439716312,0.460992908
4,6032.883,5213.73,5399.735,11716.44,12696.58,12519.87,2441.752,683.7962,531.3518,5.887096774,0.193548387,0.298387097,0.387096774,0.459677419
4,9290.908,8162.13,8118.823,14840.15,12979.55,13015.11,5625.781,4201.064,3889.177,6.024137931,0.227586207,0.289655172,0.417241379,0.475862069
4,9056.27,7760.455,7848.36,15190.64,16448.18,16858.48,3384.429,1834.181,1811.86,5.431952663,0.207100592,0.384615385,0.414201183,0.514792899
4,9771.514,7574.747,7714.62,15450.95,15967.89,15833.8,4537.38,2170.783,2026.017,6.587378641,0.344660194,0.427184466,0.466019417,0.533980583
4,7776.103,6796.65,6794.587,14596.03,13490.51,13580.01,2912.634,1078.547,1022.596,6.083832335,0.299401198,0.383233533,0.431137725,0.479041916
4,2729.082,1747.781,1740.501,4750.404,3569.84,3558.982,2130.565,1149.209,1112.807,5.089552239,0.171641791,0.208955224,0.268656716,0.350746269
4,9429.577,8064.658,7869.496,17827.01,17637.07,17734.94,5163.053,3639.198,3542.48,6.444444444,0.233333333,0.355555556,0.4,0.488888889
4,8006.854,6890.22,6938.027,13485.29,12971.07,12779.85,2853.24,1222.808,1212.458,5.845070423,0.183098592,0.366197183,0.422535211,0.521126761
4,9239.26,6348.154,6632.465,10097.55,10239.97,10832.52,5159.386,511.5633,467.5576,5.24137931,0.275862069,0.413793103,0.413793103,0.551724138
4,6947.448,6315.302,6436.579,13563.66,14785.08,15085.65,3587.588,1558.491,1482.221,5.379928315,0.240143369,0.311827957,0.383512545,0.433691756
4,12491.62,12287.74,12401.09,22742.86,24866.87,24767.75,5981.727,3934.636,3711.005,5.717761557,0.369829684,0.450121655,0.484184915,0.515815085
4,17779.97,18623.59,19271.84,25621.3,27586.28,28313.4,5463.315,3531.384,3610.505,6.028985507,0.326086957,0.456521739,0.543478261,0.608695652
4,6362.737,5125.519,5159.519,10372.73,9748.861,9960.718,2664.743,1087.717,1067.131,5.775362319,0.268115942,0.347826087,0.420289855,0.449275362
4,7317.588,5577.089,5502.831,12279.11,12179.06,12480.48,3329.405,1913.913,1845.221,6.198555957,0.25631769,0.368231047,0.393501805,0.501805054
4,4995.886,3353.423,3450.006,12702.41,11297.36,11553.87,2807.643,1577.454,1502.203,6.064935065,0.142857143,0.201298701,0.285714286,0.38961039
4,6576.968,4238.235,4364.196,14271.56,14233.69,14637.85,5098.7,2434.534,2278.21,5.735294118,0.176470588,0.226890756,0.31512605,0.378151261
4,1794.416,1243.771,1255.976,3608.781,2487.544,2373.641,1569.891,991.4271,1001.753,5.430769231,0.076923077,0.123076923,0.153846154,0.215384615
4,6773.802,6292.074,6416.908,13625.16,12882.54,13279.23,2247.722,993.384,980.8129,6.22513089,0.193717277,0.303664921,0.392670157,0.45026178
4,14516.75,15095.98,15106.93,24982.51,30417.82,30895.48,6892.861,5900.897,5862.356,5.155279503,0.434782609,0.546583851,0.590062112,0.652173913
4,12877.95,10662.18,10695.82,19610.77,20028,20249.97,6006.411,3253.805,3165.042,6.067114094,0.322147651,0.416107383,0.44966443,0.520134228
4,6577.037,4628.403,4467.743,10718.41,10681.02,10368.86,3839.325,2013.382,1842.85,6.102272727,0.215909091,0.289772727,0.392045455,0.4375
4,3106.555,2392.137,2458.962,4807.863,4316.264,4409.607,1220.995,540.6877,483.4758,5.042944785,0.104294479,0.263803681,0.312883436,0.355828221
4,7193.102,6027.557,6086.985,12500.41,11339.85,11508.81,3458.262,1865.402,1838.589,5.503424658,0.273972603,0.294520548,0.342465753,0.414383562
4,3106.555,2392.137,2458.962,4807.863,4316.264,4409.607,1220.995,540.6877,483.4758,5.042944785,0.104294479,0.263803681,0.312883436,0.355828221
5,8987.274,7531.149,7663.614,17089.48,15619.3,15882.5,3887.571,1952.906,1970.997,5.659919028,0.226720648,0.319838057,0.412955466,0.481781377
5,8664.059,7167.911,7127.93,15230.95,15351.25,15568.94,4837.854,1653.396,1554.119,5.584415584,0.303030303,0.376623377,0.45021645,0.484848485
5,6762.7,6450.496,6664.065,12839.93,14520.43,14925.22,3432.562,1782.072,1648.988,5.073913043,0.265217391,0.347826087,0.434782609,0.482608696
5,7293.339,7027.07,7277.587,9485.605,11503.9,11880.74,3462.014,2028.501,2102.357,6.111111111,0.25,0.375,0.430555556,0.465277778
5,6886.083,5076.869,4903.533,13726.93,11890.65,12091.39,3662.738,1694.972,1684.022,5.607843137,0.294117647,0.379084967,0.45751634,0.490196078
5,10125.27,7344.854,7536.505,15935.7,14346.13,14704.9,4555.214,2473.508,2508.345,6.32038835,0.208737864,0.330097087,0.378640777,0.45631068
5,9429.577,8064.658,7869.496,17827.01,17637.07,17734.94,5163.053,3639.198,3542.48,6.444444444,0.233333333,0.355555556,0.4,0.488888889
5,5285.427,3929.738,3692.448,11196.6,13034.37,13108.24,3144.857,1846.907,1865.865,5.821862348,0.145748988,0.234817814,0.303643725,0.352226721
5,5354.234,3520.527,3419.203,9537.038,8937.016,9099.103,2283.782,1082.521,1071.008,5.752136752,0.170940171,0.282051282,0.341880342,0.401709402
5,8470.303,9105.053,8600.858,15908.48,18978.67,18609.6,4321.397,2653.585,2686.277,5.503546099,0.212765957,0.375886525,0.418439716,0.475177305
5,5424.465,4320.489,4422.757,11786.24,12093.57,12137.61,2025.409,862.1751,797.3164,5.614285714,0.185714286,0.242857143,0.357142857,0.428571429
5,7205.185,4904.887,4835.203,15099.08,14986.14,15245.89,3852.392,1457.61,1352.575,5.70995671,0.233766234,0.311688312,0.372294372,0.406926407
5,8398.082,6211.68,6135.638,12873.07,12055.03,11887.27,4327.929,2637.719,2426.04,6.03652968,0.269406393,0.406392694,0.447488584,0.497716895
5,15770.05,15625.51,16010.55,34665.35,35605.28,35942.64,8398.652,6461.489,6549.706,6.858974359,0.384615385,0.512820513,0.576923077,0.576923077
5,5013.952,3853.835,3836.298,8153.407,6371.309,6292.789,2240.881,1182.164,1118.754,5.5625,0.26875,0.3125,0.375,0.43125
5,4933.725,3579.157,3640.335,8463.767,8698.402,8321.622,2133.371,896.4378,873.6546,6.304761905,0.219047619,0.257142857,0.314285714,0.361904762
5,9308.965,8031.586,8252.227,16637.82,16142.79,16486.05,7357.022,5742.98,5600.785,6.324528302,0.2,0.283018868,0.339622642,0.411320755
5,9972.478,8276.341,8445.438,17218.39,16120.08,16691.98,5449.413,2378.355,2335.274,5.908571429,0.234285714,0.302857143,0.422857143,0.531428571
5,4989.121,4174.568,4068.958,11836.8,12436.83,12782.21,2451.602,1131.79,1083.872,5.640151515,0.140151515,0.246212121,0.340909091,0.375
5,9290.908,8162.13,8118.823,14840.15,12979.55,13015.11,5625.781,4201.064,3889.177,6.024137931,0.227586207,0.289655172,0.417241379,0.475862069
5,6032.883,5213.73,5399.735,11716.44,12696.58,12519.87,2441.752,683.7962,531.3518,5.887096774,0.193548387,0.298387097,0.387096774,0.459677419
5,7073.769,5131.697,5143.919,14302.93,12428.14,12800.3,2501.194,815.2363,770.5018,6.374193548,0.258064516,0.361290323,0.4,0.438709677
5,8434.565,7306.178,7314.698,12111.48,10538.19,10681.25,4491.127,2133.227,2064.093,6.014184397,0.191489362,0.368794326,0.439716312,0.482269504
5,7721.583,6862.688,6805.604,13639.68,14056.26,14233.43,4024.062,2162.418,2086.433,5.646387833,0.27756654,0.372623574,0.406844106,0.467680608
5,13436.53,13076.65,13314.8,20263.31,20578.32,20886.91,6360.798,4017.828,4051.862,6.528735632,0.356321839,0.436781609,0.505747126,0.574712644
5,6825.804,5154.166,5135.123,10564.98,8426.403,8792.344,3349.941,1722.789,1558.06,5.245810056,0.279329609,0.402234637,0.446927374,0.480446927
5,9458.455,7929.497,8175.063,21679.62,23840.09,24232.78,4352.565,1776.367,1773.464,5.195804196,0.216783217,0.293706294,0.377622378,0.454545455
5,4444.924,3170.755,3210.824,8165.552,6405.321,6534.07,2568.823,957.7278,843.8658,5.426229508,0.131147541,0.262295082,0.278688525,0.360655738
5,10582.13,8203.706,7854.749,15471.43,14677.32,15534.3,6214.456,2656.03,2326.828,5.909090909,0.3,0.4,0.454545455,0.5
5,6803.233,4674.658,4699.055,12666.19,11282.05,11543.3,3653.793,2345.66,2348.175,5.844594595,0.135135135,0.236486486,0.358108108,0.425675676
5,7205.185,4904.887,4835.203,15099.08,14986.14,15245.89,3852.392,1457.61,1352.575,5.70995671,0.233766234,0.311688312,0.372294372,0.406926407
5,5119.014,3622.24,3851.126,10026.94,8882.589,9270.217,3625.423,1808.031,1736.293,5.892857143,0.214285714,0.276785714,0.339285714,0.383928571
5,8016.937,6122.844,5885.28,14305.15,13632.71,13635.27,3669.452,1871.583,1788.489,6.115183246,0.219895288,0.293193717,0.371727749,0.45026178
5,18951.67,21427.3,21452.84,27650.06,34449.6,34406.16,8888.485,5205.621,5190.89,5.894039735,0.38410596,0.543046358,0.582781457,0.622516556
5,9553.794,6917.753,7025.012,15831.07,13819.55,14339.18,4210.048,1800.538,1739.948,6.237864078,0.233009709,0.354368932,0.412621359,0.45631068
5,7450.475,6337.563,6548.341,14041.33,14524.19,14869.48,3548.67,1683.842,1666.028,5.286231884,0.289855072,0.373188406,0.438405797,0.481884058
5,14914.68,13467.81,13543.44,25485.34,27835.64,28320.19,6030.973,3201.09,3071.03,6.289156627,0.325301205,0.437751004,0.485943775,0.542168675
5,9892.397,11560.8,11936.37,20448.45,26577.98,27323.99,4238.205,2273.594,2241.848,6.133333333,0.339393939,0.393939394,0.424242424,0.515151515
5,14415.06,14356.22,14499.25,23845.74,28378.59,28445.71,4794.426,2147.937,1934.384,5.875518672,0.319502075,0.394190871,0.435684647,0.522821577
5,10542.97,7380.654,6939.872,17087.39,17385.87,17258.86,4280.084,1377.021,1220.149,6.316666667,0.273333333,0.363333333,0.413333333,0.46
5,8249.758,7112.698,7130.726,13039.25,12431.86,12696.75,4119.747,1982.387,1958.579,6.346534653,0.277227723,0.386138614,0.455445545,0.504950495
5,9848.343,9041.254,9170.084,17725.89,19699.56,20076.72,4716.589,2885.714,2863.764,6.330357143,0.245535714,0.352678571,0.428571429,0.504464286
5,14236.08,13728.47,13508.07,23291.54,25306.41,25719.55,5407.254,861.6923,695.4667,6.467479675,0.406504065,0.504065041,0.520325203,0.556910569
5,7822.104,6562.309,6483.305,13839.15,13777.73,13775.67,3656.115,2350.61,2321.587,6.046979866,0.261744966,0.322147651,0.369127517,0.469798658
5,8591.995,6588.264,6762.748,14514.73,14501.7,14689.47,4898.643,2223.564,2102.472,6.02295082,0.226229508,0.33442623,0.367213115,0.485245902
5,5443.885,4270.934,4291.736,9849.246,8949.468,9202.244,2222.058,385.987,326.4349,5.871595331,0.19844358,0.276264591,0.342412451,0.420233463
5,6577.037,4628.403,4467.743,10718.41,10681.02,10368.86,3839.325,2013.382,1842.85,6.102272727,0.215909091,0.289772727,0.392045455,0.4375
5,13405.11,12420.44,13009.83,18499.14,17866.25,18663.88,6566.326,4117.752,3907.836,5.88,0.293333333,0.426666667,0.466666667,0.52
5,5855.606,5004.558,5167.003,9739.356,10150.66,10675.82,2471.033,1310.277,1320.239,5.963190184,0.220858896,0.337423313,0.386503067,0.435582822
5,9553.794,6917.753,7025.012,15831.07,13819.55,14339.18,4210.048,1800.538,1739.948,6.237864078,0.233009709,0.354368932,0.412621359,0.45631068
5,6741.264,6360.68,6344.939,14849.77,14685.89,14590.77,2766.291,1873.806,1851.192,6.443181818,0.238636364,0.386363636,0.420454545,0.488636364
5,7698.048,5645.366,5562.598,12506.95,11834.06,11948.28,5414.035,3077.375,3109.538,5.565737052,0.298804781,0.374501992,0.414342629,0.490039841
5,12877.65,11084.39,11155.85,21031.45,21162.76,21496.16,5361.24,3090.125,2920.997,6.103603604,0.306306306,0.436936937,0.472972973,0.563063063
5,11289.43,13576.27,13731.06,21202.74,29030.13,28897.03,6595.022,4628.888,4564.566,5.556016598,0.319502075,0.406639004,0.43153527,0.506224066
5,8844.99,7464.374,7508.956,12708.61,13654.77,13838.7,4209.048,2177.145,2034.327,5.549382716,0.327160494,0.395061728,0.432098765,0.537037037
5,7210.227,5555.933,5677.222,13112.34,13461.61,13665.06,4820.118,3456.837,3549.374,5.896551724,0.165517241,0.331034483,0.4,0.44137931
5,5580.568,4343.432,4284.777,9450.224,8789.031,8935.896,2219.156,888.6251,864.9721,5.906593407,0.203296703,0.288461538,0.35989011,0.392857143
5,8935.949,7671.843,7588.501,17351.33,20487.27,20926.08,4328.94,2191.102,2027.439,5.624031008,0.263565891,0.337209302,0.430232558,0.472868217
5,5297.121,4030.116,4218,9332.451,7281.512,7331.34,3561.487,1552.88,1625.677,5.446700508,0.187817259,0.269035533,0.340101523,0.401015228
5,9308.965,8031.586,8252.227,16637.82,16142.79,16486.05,7357.022,5742.98,5600.785,6.324528302,0.2,0.283018868,0.339622642,0.411320755
5,8577.358,5813.08,5941.654,13797.72,13380.97,13631.05,4568.48,2076.025,2021.016,6.117241379,0.331034483,0.4,0.427586207,0.475862069
5,8158.47,7523.438,7551.857,16308.1,15293.59,15752.69,4578.947,2640.834,2566.156,5.412698413,0.28042328,0.349206349,0.428571429,0.513227513
5,5044.989,4009.592,4022.554,8600.598,9418.932,9640.367,2139.335,455.5646,375.287,5.59030837,0.162995595,0.259911894,0.321585903,0.45814978
5,6947.448,6315.302,6436.579,13563.66,14785.08,15085.65,3587.588,1558.491,1482.221,5.379928315,0.240143369,0.311827957,0.383512545,0.433691756
5,8480.294,6988.532,6974.908,13534.94,14721.74,14388.13,4891.007,2818.235,2795.076,5.842741935,0.302419355,0.391129032,0.443548387,0.5
5,3736.335,2133.23,2080.923,6684.981,5616,5520.606,2616.502,1318.222,1349.972,5.743243243,0.135135135,0.222972973,0.243243243,0.297297297
5,6803.869,6184.642,6229.296,14779.09,16634.35,16829.91,3388.285,1613.608,1522.683,5.64159292,0.296460177,0.327433628,0.367256637,0.42920354
5,7857.863,5114.445,4962.027,13697.28,14481.96,14607.23,4175.796,1921.876,1745.873,5.252279635,0.227963526,0.325227964,0.3556231,0.392097264
6,6620.535,5394.136,5397.18,11698.11,11107.38,11056.51,3569.689,2446.996,2294.023,6.391111111,0.186666667,0.293333333,0.386666667,0.44
6,7120.993,6948.373,6995.895,13744.77,13718.69,13845.17,2665.082,1057.071,1021.299,6.406779661,0.231638418,0.367231638,0.406779661,0.463276836
6,14236.08,13728.47,13508.07,23291.54,25306.41,25719.55,5407.254,861.6923,695.4667,6.467479675,0.406504065,0.504065041,0.520325203,0.556910569
6,7776.103,6796.65,6794.587,14596.03,13490.51,13580.01,2912.634,1078.547,1022.596,6.083832335,0.299401198,0.383233533,0.431137725,0.479041916
6,5044.989,4009.592,4022.554,8600.598,9418.932,9640.367,2139.335,455.5646,375.287,5.59030837,0.162995595,0.259911894,0.321585903,0.45814978
6,9676.695,7619.01,7905.39,16668.13,17699.89,18509.49,4957.061,2659.804,2613.138,6.037735849,0.339622642,0.41509434,0.465408805,0.534591195
6,11000.91,9719.7,9633.95,17726.3,15939.47,16097.32,5090.545,3516.725,3471.675,6.325,0.295,0.405,0.455,0.53
6,7073.769,5131.697,5143.919,14302.93,12428.14,12800.3,2501.194,815.2363,770.5018,6.374193548,0.258064516,0.361290323,0.4,0.438709677
6,9972.478,8276.341,8445.438,17218.39,16120.08,16691.98,5449.413,2378.355,2335.274,5.908571429,0.234285714,0.302857143,0.422857143,0.531428571
6,8249.758,7112.698,7130.726,13039.25,12431.86,12696.75,4119.747,1982.387,1958.579,6.346534653,0.277227723,0.386138614,0.455445545,0.504950495
6,6941.497,6196.116,6245.142,12346.96,11182.22,11164.67,2397.734,1039.989,1055.867,5.922651934,0.215469613,0.337016575,0.386740331,0.46961326
6,4167.581,2905.974,2810.84,9168.576,8899.996,8692.732,2108.627,712.9878,695.2189,5.528735632,0.16091954,0.287356322,0.310344828,0.390804598
6,12233.76,12800.22,12779.77,16591.43,20351.69,20810.13,6368.935,4522.007,4235.095,6.115606936,0.387283237,0.502890173,0.531791908,0.578034682
6,18631.21,20240.11,19983.57,31097.13,34784.89,35327.95,9332.97,6791.442,6713.681,5.552727273,0.378181818,0.483636364,0.545454545,0.610909091
6,4499.323,2569.447,2568.315,7927.458,6096.718,6126.902,2321.35,1064.958,1007.141,5.245689655,0.181034483,0.228448276,0.323275862,0.38362069
6,8075.414,5716.24,5748.961,14443.18,15561.18,15937.24,3440.597,1225.215,1163.877,5.983606557,0.225409836,0.327868852,0.37295082,0.442622951
6,4107.46,3232.488,3219.555,8265.436,6990.845,7169.741,2503.356,1205.012,1199.982,5.427586207,0.24137931,0.282758621,0.317241379,0.386206897
6,8577.358,5813.08,5941.654,13797.72,13380.97,13631.05,4568.48,2076.025,2021.016,6.117241379,0.331034483,0.4,0.427586207,0.475862069
6,13203,13030.4,13285.69,21797.85,22555.75,23381.33,6311.252,3976.12,3846.466,5.493562232,0.35193133,0.459227468,0.515021459,0.56223176
6,7574.807,5197.767,5039.88,12543.46,12383.54,11737.97,3923.497,1916.609,1806.999,6.481865285,0.269430052,0.362694301,0.393782383,0.466321244
6,9892.397,11560.8,11936.37,20448.45,26577.98,27323.99,4238.205,2273.594,2241.848,6.133333333,0.339393939,0.393939394,0.424242424,0.515151515
6,7450.475,6337.563,6548.341,14041.33,14524.19,14869.48,3548.67,1683.842,1666.028,5.286231884,0.289855072,0.373188406,0.438405797,0.481884058
6,9783.3,9402.41,9613.679,19645.59,24500.6,24724.62,4980.088,2869.693,2752.469,6.558333333,0.308333333,0.375,0.466666667,0.508333333
6,5480.279,3798.424,3672.627,10454.25,10130.92,10148.28,2562.252,972.8274,825.8994,5.637614679,0.201834862,0.302752294,0.339449541,0.394495413
6,9479.437,8293.941,8559.815,14744.03,16843.46,17275.45,4539.313,2994.215,2960.874,5.986486486,0.277027027,0.381756757,0.429054054,0.506756757
6,12877.65,11084.39,11155.85,21031.45,21162.76,21496.16,5361.24,3090.125,2920.997,6.103603604,0.306306306,0.436936937,0.472972973,0.563063063
6,4305.035,2698.097,2734.157,8734.536,7997.409,8173.138,3370.621,1980.545,1918.724,5.201581028,0.185770751,0.260869565,0.304347826,0.339920949
6,4798.972,3686.267,3802.923,8608.149,8313.995,8543.762,1695.962,414.9478,349.3461,5.726315789,0.152631579,0.252631579,0.315789474,0.442105263
6,2922.004,1785.376,1757.407,5885.401,4534.636,4771.964,7947.825,7736.881,7865.668,5.333333333,0.083333333,0.1875,0.229166667,0.291666667
6,14197.37,14258.4,14149.97,21857.6,24929.9,25129.48,6851.264,3801.02,3588.309,6.026455026,0.354497354,0.455026455,0.497354497,0.571428571
6,6214.873,5760.024,5725.686,11553.74,10469.86,10737.03,3115.068,2026.699,1961.423,5.564935065,0.24025974,0.344155844,0.38961039,0.435064935
6,7293.339,7027.07,7277.587,9485.605,11503.9,11880.74,3462.014,2028.501,2102.357,6.111111111,0.25,0.375,0.430555556,0.465277778
6,7338.8,6475.433,6426.315,11970.39,12648.58,13008.26,2946.671,1677.992,1624.631,5.44,0.216,0.32,0.384,0.46
6,4575.396,2857.398,2794.931,8061.499,5533.873,5742.408,1851.967,760.0896,743.0686,5.523255814,0.162790698,0.23255814,0.313953488,0.360465116
6,8865.099,8159.431,8184.803,15850.47,17457.04,18112.99,3453.189,1800.893,1704.463,5.71559633,0.275229358,0.366972477,0.458715596,0.513761468
6,8488.008,7118.057,7106.551,13335.53,11981.97,12120.84,3578.23,1649.571,1531.236,5.65615142,0.283911672,0.369085174,0.432176656,0.514195584
6,12061.97,11063.8,11255.45,18289.42,19326.57,19747.72,5776.488,3223.944,3237.624,6.42384106,0.324503311,0.443708609,0.483443709,0.556291391
6,6725.893,5445.388,5389.809,10033.68,10821.4,10458.24,3275.92,1419.07,1255.062,5.84137931,0.24137931,0.317241379,0.35862069,0.468965517
6,5375.071,3883.816,3770.97,9214.608,8081.784,7926.35,3054.275,1002.372,915.0525,5.78125,0.3125,0.34375,0.359375,0.3828125
6,13077.5,11642.26,11848.82,22676.45,25805.03,26082.06,5066.765,3075.264,3047.953,6.181034483,0.284482759,0.431034483,0.525862069,0.594827586
6,5585.979,4867.598,4895.563,9561.23,8421.595,8389.242,2526.479,1287.11,1256.694,5.804270463,0.224199288,0.302491103,0.355871886,0.444839858
6,5348.443,4273.983,4282.185,9650.993,8912.446,9070.065,3215.794,1993.616,1917.822,5.940983607,0.196721311,0.268852459,0.344262295,0.37704918
6,7574.807,5197.767,5039.88,12543.46,12383.54,11737.97,3923.497,1916.609,1806.999,6.481865285,0.269430052,0.362694301,0.393782383,0.466321244
6,21227.16,22094.64,21783.32,32596.44,33243.43,31952.77,10694.17,5524.651,4912.022,5.597402597,0.402597403,0.480519481,0.519480519,0.567099567
6,5987.171,4887.422,4928.25,8345.681,7182.676,7320.044,2342.69,1268.3,1227.363,5.816513761,0.252293578,0.376146789,0.412844037,0.449541284
6,15167.73,15367.5,15401.39,32452.17,40581.72,40819.34,6515.831,6381.678,6223.64,6.387096774,0.322580645,0.35483871,0.516129032,0.580645161
6,12303.23,12493.43,12120.23,22476.21,26094.61,25753.75,5986.936,3918.122,3678.375,6.324022346,0.329608939,0.391061453,0.48603352,0.56424581
6,6450.974,4515.192,4598.887,10899.5,9810.271,10083.85,2772.029,1690.499,1673.616,6.277580071,0.270462633,0.355871886,0.395017794,0.448398577
6,13527.59,12462.2,12434.9,18290.06,17921.77,18125.22,5419.615,2951.37,2861.289,5.804780876,0.290836653,0.410358566,0.470119522,0.541832669
6,9864,9576.901,9636.207,14905.84,16196.96,16216.55,4636.466,2781.211,2577.452,5.974683544,0.313291139,0.417721519,0.471518987,0.518987342
6,7495.545,6356.463,6435.672,15527.04,14786.14,14935.46,2979.793,1469.384,1440.648,5.714285714,0.189189189,0.28957529,0.401544402,0.498069498
6,7822.104,6562.309,6483.305,13839.15,13777.73,13775.67,3656.115,2350.61,2321.587,6.046979866,0.261744966,0.322147651,0.369127517,0.469798658
6,7857.863,5114.445,4962.027,13697.28,14481.96,14607.23,4175.796,1921.876,1745.873,5.252279635,0.227963526,0.325227964,0.3556231,0.392097264
6,8480.294,6988.532,6974.908,13534.94,14721.74,14388.13,4891.007,2818.235,2795.076,5.842741935,0.302419355,0.391129032,0.443548387,0.5
6,8860.254,7496.935,7578.184,15575.54,14492.48,14807.77,3961.938,2056.497,2020.233,6.048507463,0.28358209,0.380597015,0.417910448,0.52238806
6,5484.983,3371.667,3152.48,10469.16,7743.959,7911.841,3209.054,1717.477,1584.356,5.984615385,0.276923077,0.3,0.384615385,0.430769231
6,10287.09,10520.05,10670.55,17463.31,18184.08,18503.34,4784.565,3415.507,3420.835,6.93373494,0.319277108,0.421686747,0.481927711,0.530120482
6,10677.83,10857,11229.39,20464.21,24882.52,25433.5,3688.561,1662.829,1557.233,6.581589958,0.259414226,0.372384937,0.451882845,0.50209205
6,23320.89,24744.28,25228.88,35132.43,37910.45,38278.94,12481.65,9710.109,10179.26,6.414012739,0.382165605,0.50955414,0.547770701,0.598726115
6,5348.443,4273.983,4282.185,9650.993,8912.446,9070.065,3215.794,1993.616,1917.822,5.940983607,0.196721311,0.268852459,0.344262295,0.37704918
6,12212.71,12628.07,12955.02,18904.27,21143.61,21766.51,5330.229,3538.225,3550.369,6.367713004,0.34529148,0.452914798,0.502242152,0.556053812
6,11217.64,8836.237,8980.753,17765.64,18681.45,18986.32,4554.38,2325.987,2286.414,6.545945946,0.313513514,0.383783784,0.47027027,0.518918919
6,13436.53,13076.65,13314.8,20263.31,20578.32,20886.91,6360.798,4017.828,4051.862,6.528735632,0.356321839,0.436781609,0.505747126,0.574712644
6,9569.788,7442.012,7412.642,17712.29,16566.66,16279.73,4540.16,3091.463,3066.053,6.294871795,0.256410256,0.365384615,0.403846154,0.461538462
6,6453.746,4958.734,4996.451,10840.18,9358.557,9709.742,2413.701,1546.414,1463.342,5.630872483,0.275167785,0.395973154,0.44295302,0.476510067
6,12066.47,11449.53,11645.32,19426.67,19275.99,19797.85,6011.58,3463.83,3378.669,5.161290323,0.35483871,0.451612903,0.521505376,0.559139785
6,18778.9,17773.1,18084.37,29743.3,34018.83,34615.89,6539.567,2536.902,2437.903,6.275862069,0.300492611,0.42364532,0.536945813,0.596059113
6,16844.1,17462.27,17711.81,23284.52,25412.87,26046.59,8686.366,6170.504,5998.906,5.873417722,0.426160338,0.52742616,0.565400844,0.599156118
6,4711.752,2685.62,2255.201,7440.279,6905.527,6586.922,2487.868,1026.239,899.5668,6.044117647,0.235294118,0.308823529,0.308823529,0.411764706
6,4340.95,3045.425,3002.107,9602.236,8395.178,8565.256,3023.668,1767.241,1720.172,5.684210526,0.105263158,0.157894737,0.231578947,0.357894737
6,5484.983,3371.667,3152.48,10469.16,7743.959,7911.841,3209.054,1717.477,1584.356,5.984615385,0.276923077,0.3,0.384615385,0.430769231
6,6123.468,4919.19,5078.011,10000.73,8377.606,8646.649,3475.971,2153.738,2199.987,5.669856459,0.282296651,0.387559809,0.411483254,0.454545455
6,5466.895,3978.902,3909.311,9364.376,7111.404,7248.784,2908.722,1490.991,1375.788,6.372972973,0.254054054,0.356756757,0.4,0.437837838
6,13405.11,12420.44,13009.83,18499.14,17866.25,18663.88,6566.326,4117.752,3907.836,5.88,0.293333333,0.426666667,0.466666667,0.52
6,9239.26,6348.154,6632.465,10097.55,10239.97,10832.52,5159.386,511.5633,467.5576,5.24137931,0.275862069,0.413793103,0.413793103,0.551724138
6,6269.038,4788.327,4869.755,9737.109,8688.584,8821.37,2913.828,1267.766,1161.208,6.34502924,0.204678363,0.34502924,0.374269006,0.450292398
6,6735.538,5495.045,5519.378,11609.6,11303.63,11106.56,4872.875,3220.164,3101.886,5.675324675,0.220779221,0.25974026,0.324675325,0.415584416
6,7446.78,7546.335,7698.593,11994.28,13854.05,13847.43,4060.625,3021.401,2943.056,6.116071429,0.276785714,0.348214286,0.428571429,0.482142857
6,8175.094,6583.515,6612.35,14417.15,14651.95,14940.1,3328.474,1090.987,1009.377,6.382978723,0.20212766,0.287234043,0.404255319,0.478723404
7,4444.924,3170.755,3210.824,8165.552,6405.321,6534.07,2568.823,957.7278,843.8658,5.426229508,0.131147541,0.262295082,0.278688525,0.360655738
7,10552.04,8745.484,8738.005,16517.75,15942.71,16525.19,5701.051,3380.946,3341.493,6.101694915,0.36440678,0.436440678,0.483050847,0.538135593
7,13643.85,11750.64,11465.83,20138.53,19533.9,19573.96,6593.46,3937.096,3795.969,6.433070866,0.338582677,0.464566929,0.527559055,0.590551181
7,16448.19,17876.68,17973.37,25189.9,26533.87,26927.49,8836.261,6132.137,5727.914,6.553921569,0.357843137,0.460784314,0.509803922,0.578431373
7,16227.07,17110.59,17153.02,27753.27,30615.19,30820.5,7392.99,5027.619,4727.001,6.370689655,0.362068966,0.456896552,0.5,0.560344828
7,9783.3,9402.41,9613.679,19645.59,24500.6,24724.62,4980.088,2869.693,2752.469,6.558333333,0.308333333,0.375,0.466666667,0.508333333
7,9346.781,5958.168,5885.133,14784.72,13464.73,13517.82,3009.659,1287.473,1234.028,6.40625,0.229166667,0.328125,0.40625,0.473958333
7,4076.53,3020.933,2973.727,7857.466,6060.27,6005.993,1879.484,1050.367,958.0739,5.232142857,0.203571429,0.278571429,0.307142857,0.357142857
7,9751.171,7839.409,8033.04,16485.9,17814.87,18054.54,4313.094,2167.339,2115.109,6.008163265,0.306122449,0.387755102,0.440816327,0.514285714
7,10542.97,7380.654,6939.872,17087.39,17385.87,17258.86,4280.084,1377.021,1220.149,6.316666667,0.273333333,0.363333333,0.413333333,0.46
7,3712.69,2092.68,2018.438,7578.139,6309.164,6388.986,1991.311,685.044,663.5057,5.914529915,0.145299145,0.205128205,0.299145299,0.333333333
7,10665.88,10972.92,11088.29,15546.46,15593.45,16029.96,4862.461,2835.915,2769.198,5.811965812,0.290598291,0.405982906,0.47008547,0.547008547
7,5424.863,3739.053,3703.516,10396.89,8634.44,8660.365,2452.246,775.2184,711.406,5.864197531,0.148148148,0.24382716,0.330246914,0.410493827
7,3434.692,2199.847,2168.696,6218.599,5363.602,5236.165,2411.59,1247.112,1139.285,5.582524272,0.111650485,0.213592233,0.276699029,0.334951456
7,25796.96,29258.14,29878.03,38964.18,47058.21,47627.09,12592.87,10500.55,10646.81,6.49047619,0.471428571,0.580952381,0.619047619,0.628571429
7,6775.648,4721.522,4430.553,11831.14,9494.701,9634.317,3871.584,2065.166,1867.066,5.474860335,0.234636872,0.30726257,0.329608939,0.43575419
7,7403.677,6450.407,6571.479,13527.16,11728.49,12226.53,5119.451,2609.527,2125.363,5.95,0.25,0.3,0.35,0.475
7,7987.928,6780.873,6732.455,12530.42,13539.31,13754,3436.858,1993.703,2007.132,5.926829268,0.292682927,0.365853659,0.404878049,0.526829268
7,10199.62,7961.174,8027.552,18504.73,17219.59,17552.13,3969.392,1379.976,1335.425,5.684210526,0.252631579,0.342105263,0.415789474,0.468421053
7,6610.026,6833.639,6914.7,12644.14,11293.84,11462.09,3013.392,1559.164,1448.184,5.954314721,0.258883249,0.365482234,0.431472081,0.492385787
7,3736.335,2133.23,2080.923,6684.981,5616,5520.606,2616.502,1318.222,1349.972,5.743243243,0.135135135,0.222972973,0.243243243,0.297297297
7,6713.008,5806.453,5443.107,11497.02,11092.31,10892.36,3078.035,1636.862,1570.929,5.763313609,0.189349112,0.313609467,0.372781065,0.467455621
7,6567.657,6236.535,6187.374,12332.42,12920.43,13148.58,2547.052,1370.888,1338.864,5.958466454,0.201277955,0.309904153,0.389776358,0.450479233
7,7127.522,6137.301,6214.834,12863.11,12728.79,13027.38,3791.885,1906.036,1860.448,5.922279793,0.284974093,0.383419689,0.430051813,0.471502591
7,9848.99,8665.382,8797.652,15097.62,13808.51,14242.88,4823.808,2886.339,2848.935,6.595890411,0.287671233,0.404109589,0.45890411,0.54109589
7,9719.277,8259.97,8372.213,16330.48,15492.75,15819.22,3179.316,1305.129,1319.265,6.301507538,0.24120603,0.407035176,0.452261307,0.532663317
7,10409.42,10725.75,10990.25,19209.41,23742.52,24238.4,4073.462,1247.915,1081.187,5.523178808,0.284768212,0.410596026,0.450331126,0.556291391
7,4711.752,2685.62,2255.201,7440.279,6905.527,6586.922,2487.868,1026.239,899.5668,6.044117647,0.235294118,0.308823529,0.308823529,0.411764706
7,9999.382,6663.268,6267.975,15481.31,13121.63,12541.65,3651.056,1529.42,1346.638,6.072033898,0.283898305,0.415254237,0.466101695,0.516949153
7,14415.06,14356.22,14499.25,23845.74,28378.59,28445.71,4794.426,2147.937,1934.384,5.875518672,0.319502075,0.394190871,0.435684647,0.522821577
7,11413.04,11215.23,11484.87,17119.22,19177.17,19701.91,6705.805,4851.712,4887.874,6.842975207,0.380165289,0.446280992,0.47107438,0.570247934
7,14203.45,14938.09,15273.7,19690.72,20177.92,20461.78,6220.57,3955.029,3813.673,6.122807018,0.385964912,0.467836257,0.520467836,0.596491228
7,8882.528,7866.721,7931.382,15923.06,16312.43,16770.76,5053.283,1941.639,1971.67,5.796460177,0.221238938,0.300884956,0.389380531,0.495575221
7,7698.048,5645.366,5562.598,12506.95,11834.06,11948.28,5414.035,3077.375,3109.538,5.565737052,0.298804781,0.374501992,0.414342629,0.490039841
7,6878.911,6025.438,5851.864,13003.96,13929.97,13944.74,3731.223,2042.414,1952.174,6.140495868,0.219008264,0.309917355,0.384297521,0.409090909
7,9569.788,7442.012,7412.642,17712.29,16566.66,16279.73,4540.16,3091.463,3066.053,6.294871795,0.256410256,0.365384615,0.403846154,0.461538462
7,6453.746,4958.734,4996.451,10840.18,9358.557,9709.742,2413.701,1546.414,1463.342,5.630872483,0.275167785,0.395973154,0.44295302,0.476510067
7,4499.831,3387.104,3476.733,8505.955,6733.073,6990.639,2479.035,1559.993,1467.621,5.924137931,0.227586207,0.296551724,0.344827586,0.386206897
7,13730.88,11597.62,11395.83,17419.99,16667.83,16446.28,7377.476,4557.418,4599.502,6.419087137,0.394190871,0.489626556,0.526970954,0.585062241
7,9480.753,8886.284,9002.302,13881.34,13784.65,13962.25,4159.048,2071.927,2060.277,6.103305785,0.305785124,0.384297521,0.438016529,0.516528926
7,12238.79,10690.91,10451.64,22495.57,22268.16,22322,5989.52,3307.392,3289.664,6.319444444,0.342592593,0.421296296,0.476851852,0.541666667
7,7068.117,5533.569,5446.672,10799.73,10142.32,10361,4663.251,2749.115,2612.233,5.978165939,0.279475983,0.366812227,0.375545852,0.449781659
7,6470.519,4497.232,4520.359,11565.56,9875.402,10038.55,3691.308,1614.28,1364.162,5.54787234,0.239361702,0.324468085,0.372340426,0.414893617
7,5884.958,4448.117,4513.342,10120.03,8718.032,8713.37,5854.484,4631.874,4478.042,5.643564356,0.178217822,0.316831683,0.366336634,0.445544554
7,5462.324,4344.087,4556.717,9288.803,9341.936,9647.153,2443.593,1040.966,947.4731,6.056074766,0.224299065,0.299065421,0.341121495,0.420560748
7,9974.379,9927.724,10069.14,15440.09,16247.93,16776.87,5326.473,4107.623,4030.966,6.057142857,0.307142857,0.464285714,0.5,0.542857143
7,8571.914,7246.663,7027.577,16121.57,16578.11,16846.38,3392.267,1789.315,1829.34,6.08056872,0.251184834,0.36492891,0.426540284,0.492890995
7,9980.409,9801.902,9735.195,16866.24,17686.24,17848.41,5350.083,3084.704,2991.381,6.701030928,0.309278351,0.378006873,0.412371134,0.457044674
7,7310.65,6042.963,6067.823,11859.66,11596.98,11641.46,3143.457,1287.773,1265.797,6.314606742,0.241573034,0.303370787,0.404494382,0.5
7,21691.55,20724.79,20914.57,32578.75,37231.07,38041.7,13442.64,9379.597,9113.89,5.972972973,0.468468468,0.531531532,0.594594595,0.626126126
7,11433.12,11863.36,12081.28,21349.79,25915.25,26953.92,3831.896,1829.997,1577.714,6.228571429,0.285714286,0.428571429,0.485714286,0.6
7,7310.65,6042.963,6067.823,11859.66,11596.98,11641.46,3143.457,1287.773,1265.797,6.314606742,0.241573034,0.303370787,0.404494382,0.5
7,2729.082,1747.781,1740.501,4750.404,3569.84,3558.982,2130.565,1149.209,1112.807,5.089552239,0.171641791,0.208955224,0.268656716,0.350746269
7,10418.93,11064.37,11262.92,16421.14,18293.96,18692.79,4443.254,2582.909,2493.585,6.087431694,0.256830601,0.355191257,0.431693989,0.530054645
7,11140.29,9529.976,9520.956,20368.05,17472.89,17644.49,5507.318,3428.388,3262.683,5.735294118,0.306722689,0.432773109,0.508403361,0.550420168
7,6773.802,6292.074,6416.908,13625.16,12882.54,13279.23,2247.722,993.384,980.8129,6.22513089,0.193717277,0.303664921,0.392670157,0.45026178
7,7898.498,7856.166,7672.694,13056.05,12756.99,12900.07,3412.322,1529.454,1377.683,5.556776557,0.289377289,0.41025641,0.461538462,0.516483516
7,7721.583,6862.688,6805.604,13639.68,14056.26,14233.43,4024.062,2162.418,2086.433,5.646387833,0.27756654,0.372623574,0.406844106,0.467680608
7,4499.831,3387.104,3476.733,8505.955,6733.073,6990.639,2479.035,1559.993,1467.621,5.924137931,0.227586207,0.296551724,0.344827586,0.386206897
7,17853.9,19993.67,20154.7,26542.98,31850.52,32489.52,7961.152,6502.679,6428.682,5.368421053,0.407894737,0.50877193,0.570175439,0.618421053
7,11204.85,12210.6,12597.78,19905.99,22017.41,22564.84,5169.389,3819.3,3713.107,5.765625,0.3515625,0.4140625,0.453125,0.53125
7,9466.017,7344.574,7258.486,12915.81,10729.78,10861.1,4054.031,1987.829,2000.817,5.87109375,0.26953125,0.4140625,0.47265625,0.5390625
7,6636.278,4753.436,4732.775,10053.56,8251.199,8306.34,3372.841,1637.523,1474.319,6.171206226,0.26848249,0.346303502,0.39688716,0.459143969
7,7220.826,7055.212,7018.811,12862.45,14065.76,14211.44,2617.626,1502.489,1551.781,6.283950617,0.216049383,0.296296296,0.358024691,0.444444444
7,9922.533,9242.01,9438.946,16185.45,17224.42,17341.36,4238.092,2056.999,2025.083,5.692982456,0.25877193,0.364035088,0.442982456,0.5
7,6784.712,4968.97,4897.411,11729.14,10391.89,10528.72,4228.708,1839.267,1690.991,5.980861244,0.28708134,0.358851675,0.377990431,0.425837321
7,15055.4,12818.49,12980.33,27055.03,28556.63,29034.47,5910.62,2092.905,1870.141,5.981012658,0.386075949,0.443037975,0.506329114,0.575949367
7,5285.427,3929.738,3692.448,11196.6,13034.37,13108.24,3144.857,1846.907,1865.865,5.821862348,0.145748988,0.234817814,0.303643725,0.352226721
7,5855.606,5004.558,5167.003,9739.356,10150.66,10675.82,2471.033,1310.277,1320.239,5.963190184,0.220858896,0.337423313,0.386503067,0.435582822
7,6567.657,6236.535,6187.374,12332.42,12920.43,13148.58,2547.052,1370.888,1338.864,5.958466454,0.201277955,0.309904153,0.389776358,0.450479233
7,6713.008,5806.453,5443.107,11497.02,11092.31,10892.36,3078.035,1636.862,1570.929,5.763313609,0.189349112,0.313609467,0.372781065,0.467455621
7,14097.92,11416.11,11774.05,24222.48,23179.49,23630.57,5154.64,2703.408,2741.566,6.726804124,0.268041237,0.340206186,0.412371134,0.541237113
7,10418.93,11064.37,11262.92,16421.14,18293.96,18692.79,4443.254,2582.909,2493.585,6.087431694,0.256830601,0.355191257,0.431693989,0.530054645
7,7411.429,6313.571,6395.46,13423.85,12447.91,12664.99,2733.189,1284.974,1252.225,6.120253165,0.196202532,0.310126582,0.373417722,0.443037975
7,12277.39,10302.87,10237.56,20976.52,24122.69,24577.98,4763.607,2710.868,2443.989,6.448275862,0.282758621,0.448275862,0.482758621,0.524137931
7,6269.038,4788.327,4869.755,9737.109,8688.584,8821.37,2913.828,1267.766,1161.208,6.34502924,0.204678363,0.34502924,0.374269006,0.450292398
7,11176.62,8958.541,8811.903,17992.4,17678.6,18267.76,4330.842,1841.653,1707.737,6.170984456,0.202072539,0.367875648,0.440414508,0.507772021
7,9103.4,6733.944,6736.535,15221.09,16249.43,16535.25,3973.483,1579.923,1595.049,6.138248848,0.262672811,0.3640553,0.442396313,0.506912442
8,9792.187,8387.697,8445.975,17882.18,20342.04,20295.46,3285.161,1487.581,1413.71,6.525252525,0.267676768,0.328282828,0.409090909,0.51010101
8,6450.974,4515.192,4598.887,10899.5,9810.271,10083.85,2772.029,1690.499,1673.616,6.277580071,0.270462633,0.355871886,0.395017794,0.448398577
8,8158.47,7523.438,7551.857,16308.1,15293.59,15752.69,4578.947,2640.834,2566.156,5.412698413,0.28042328,0.349206349,0.428571429,0.513227513
8,6351.271,5472.609,5540.238,13250.03,14926.1,15054.6,3858.901,2159.809,2036.838,5.53358209,0.242537313,0.305970149,0.320895522,0.361940299
8,11637.83,11203.05,11390.98,18118.91,21160.58,21633.22,4657.476,3105.125,3084.409,6.386861314,0.226277372,0.430656934,0.510948905,0.583941606
8,9055.384,7887.852,7799.184,14565.58,16507.68,16897.43,3947.154,2157.319,1922.923,6.347826087,0.291304348,0.391304348,0.42173913,0.486956522
8,9701.597,9071.109,9151.804,16645.93,18240.84,18629.61,4957.805,2681.127,2695.212,5.8375,0.325,0.429166667,0.458333333,0.520833333
8,13867.63,14148.54,14292.09,22185.98,26467.59,26858.34,5729.038,2874.797,2837.49,6.10106383,0.356382979,0.45212766,0.515957447,0.563829787
8,14222.73,12895.27,13187.86,27790.08,29699.8,30066.95,5516.666,3946.799,4004.414,6.85443038,0.310126582,0.405063291,0.487341772,0.556962025
8,6068.699,4433.927,4284.48,10591.81,10437.45,10585.74,3306.207,1578.101,1516.786,6.104294479,0.214723926,0.325153374,0.417177914,0.45398773
8,9762.864,9032.311,9089.997,16901.58,14996.04,15575.2,3161.869,1628.243,1691.481,6.414285714,0.242857143,0.385714286,0.442857143,0.5
8,5462.324,4344.087,4556.717,9288.803,9341.936,9647.153,2443.593,1040.966,947.4731,6.056074766,0.224299065,0.299065421,0.341121495,0.420560748
8,6398.187,5094.186,5183.473,12683.29,13925.64,14437.73,3554.134,1853.331,1684.609,5.494318182,0.221590909,0.301136364,0.357954545,0.426136364
8,7408.708,7413.571,7541.405,13073.82,13701.17,14326.24,3367.43,1751.827,1702.143,6.64516129,0.268817204,0.360215054,0.408602151,0.451612903
8,17256.43,17627.8,17642.93,27262.32,28345.2,28647.49,8767.643,6884.369,6842.472,6.936842105,0.436842105,0.542105263,0.584210526,0.636842105
8,9222.206,7739.257,7850.701,17326.39,15953.35,16234.08,2365.259,1082.182,1012.594,6.478947368,0.157894737,0.321052632,0.389473684,0.457894737
8,4886.957,3347.654,3344.841,7570.393,5612.792,6069.664,2816.25,1647.229,1694.428,5.644787645,0.150579151,0.258687259,0.316602317,0.397683398
8,5351.473,4347.05,4374.749,9037.608,8019.897,8227.175,2450.427,1245.839,1199.436,5.183333333,0.229166667,0.35,0.408333333,0.445833333
8,4150.244,3646.108,3519.149,12018.14,12198.33,11846.01,1756.525,925.4381,905.9353,5.553191489,0.063829787,0.14893617,0.191489362,0.361702128
8,5466.895,3978.902,3909.311,9364.376,7111.404,7248.784,2908.722,1490.991,1375.788,6.372972973,0.254054054,0.356756757,0.4,0.437837838
8,14097.92,11416.11,11774.05,24222.48,23179.49,23630.57,5154.64,2703.408,2741.566,6.726804124,0.268041237,0.340206186,0.412371134,0.541237113
8,15055.4,12818.49,12980.33,27055.03,28556.63,29034.47,5910.62,2092.905,1870.141,5.981012658,0.386075949,0.443037975,0.506329114,0.575949367
8,6352.837,4059.466,4092.038,10717.68,8848.643,8975.836,3320.857,1755.361,1650.821,5.795238095,0.252380952,0.357142857,0.376190476,0.457142857
8,8955.079,7835.343,8025.174,12522.01,12969.92,13335.94,4119.013,2088.009,2074.8,5.599099099,0.328828829,0.423423423,0.463963964,0.509009009
8,14914.68,13467.81,13543.44,25485.34,27835.64,28320.19,6030.973,3201.09,3071.03,6.289156627,0.325301205,0.437751004,0.485943775,0.542168675
8,4712.497,3271.743,3267.296,8930.426,8075.962,8641.112,2372.203,1101.625,1045.239,5.694444444,0.166666667,0.25,0.305555556,0.375
8,7834.972,6439.839,6516.321,12142.95,11129.43,11626.64,3673.789,1719.02,1683.653,6.182758621,0.272413793,0.362068966,0.431034483,0.475862069
8,6773.077,5156.83,5012.199,12828.66,11148.26,11114.99,3786.615,1903.584,1799.718,5.81875,0.21875,0.33125,0.38125,0.41875
8,13482.5,11721.16,11799.44,22634.37,25406.7,25816.32,5754.394,2867.615,2796.72,6.662835249,0.325670498,0.440613027,0.459770115,0.559386973
8,6620.535,5394.136,5397.18,11698.11,11107.38,11056.51,3569.689,2446.996,2294.023,6.391111111,0.186666667,0.293333333,0.386666667,0.44
8,7722.302,6326.035,6297.891,17509.46,16037.56,16125.57,2010.993,306.2835,232.0978,5.995798319,0.168067227,0.264705882,0.37394958,0.43697479
8,8413.822,6329.176,6258.733,12205.58,10350.83,9967.437,3419.178,1184.728,1111.67,5.934579439,0.271028037,0.373831776,0.411214953,0.495327103
8,12927.06,10488.24,10094.44,23317.5,21074.33,20738.44,4475.075,2271.935,2110.573,6.596938776,0.260204082,0.382653061,0.433673469,0.489795918
8,17853.9,19993.67,20154.7,26542.98,31850.52,32489.52,7961.152,6502.679,6428.682,5.368421053,0.407894737,0.50877193,0.570175439,0.618421053
8,5749.053,3615.437,3711.688,9746.577,9076.301,9328.049,3966.759,1702.264,1497.675,5.777027027,0.202702703,0.277027027,0.307432432,0.402027027
8,6668.464,5277.684,5346.192,11164.61,10462.55,10782.22,3169.841,1872.135,1707.547,5.927536232,0.29468599,0.391304348,0.429951691,0.487922705
8,13986.93,11050.63,11009.62,23319.7,26893.62,26772.65,6538.484,2683.659,2633.742,6.401162791,0.331395349,0.465116279,0.540697674,0.581395349
8,19380.67,20879.22,20980.99,26004.17,31271.21,31522.61,7231.515,3549.308,3535.731,6.526104418,0.365461847,0.510040161,0.53815261,0.606425703
8,12878.33,14367.95,14473.05,21052.27,24321.83,24831.35,7909.53,6754.874,6963.819,7.162561576,0.369458128,0.438423645,0.482758621,0.571428571
8,23320.89,24744.28,25228.88,35132.43,37910.45,38278.94,12481.65,9710.109,10179.26,6.414012739,0.382165605,0.50955414,0.547770701,0.598726115
8,10677.83,10857,11229.39,20464.21,24882.52,25433.5,3688.561,1662.829,1557.233,6.581589958,0.259414226,0.372384937,0.451882845,0.50209205
8,6102.445,5086.814,5208.603,9443.037,8861.545,9097.929,2280.387,1049.187,979.4979,5.760330579,0.247933884,0.338842975,0.41322314,0.47107438
8,6551.5,5648.28,5663.246,12673.74,13823.09,14057.7,4019.352,1860.51,1836.749,5.768339768,0.22007722,0.312741313,0.351351351,0.409266409
8,18480.69,17207.59,17740.23,24988.82,28126.4,28720.63,5990.447,3575.209,3577.545,5.934782609,0.326086957,0.47826087,0.527173913,0.586956522
8,10552.04,8745.484,8738.005,16517.75,15942.71,16525.19,5701.051,3380.946,3341.493,6.101694915,0.36440678,0.436440678,0.483050847,0.538135593
8,8685.905,6836.062,6940.126,14905.41,16234.12,16594.34,3471.942,1785.765,1756.638,6.129807692,0.230769231,0.355769231,0.423076923,0.490384615
8,5917.399,4823.427,4777.694,11356.27,8729.059,8982.888,3673.725,1977.326,1884.076,5.981132075,0.327044025,0.371069182,0.421383648,0.471698113
8,19380.67,20879.22,20980.99,26004.17,31271.21,31522.61,7231.515,3549.308,3535.731,6.526104418,0.365461847,0.510040161,0.53815261,0.606425703
8,12878.33,14367.95,14473.05,21052.27,24321.83,24831.35,7909.53,6754.874,6963.819,7.162561576,0.369458128,0.438423645,0.482758621,0.571428571
8,5585.979,4867.598,4895.563,9561.23,8421.595,8389.242,2526.479,1287.11,1256.694,5.804270463,0.224199288,0.302491103,0.355871886,0.444839858
8,12927.06,10488.24,10094.44,23317.5,21074.33,20738.44,4475.075,2271.935,2110.573,6.596938776,0.260204082,0.382653061,0.433673469,0.489795918
8,13182.25,12885.53,12853.41,27347.71,31417.52,32001.18,3756.198,1720.979,1717.84,5.632352941,0.284313725,0.406862745,0.465686275,0.544117647
8,12441.02,9150.582,9329.038,22532.3,23790.84,23699.53,5292.557,1933.823,1889.798,5.738693467,0.281407035,0.346733668,0.432160804,0.527638191
8,6883.222,3866.263,3765.707,13110.43,12628.64,12400.83,3292.977,1223.953,1055.236,6.213768116,0.206521739,0.264492754,0.351449275,0.445652174
8,10859.5,11582.08,11588.1,16184.67,17094.27,17232.21,5755.052,4557.834,4585.799,6.387850467,0.345794393,0.448598131,0.5,0.542056075
8,10409.42,10725.75,10990.25,19209.41,23742.52,24238.4,4073.462,1247.915,1081.187,5.523178808,0.284768212,0.410596026,0.450331126,0.556291391
8,9719.277,8259.97,8372.213,16330.48,15492.75,15819.22,3179.316,1305.129,1319.265,6.301507538,0.24120603,0.407035176,0.452261307,0.532663317
8,5917.399,4823.427,4777.694,11356.27,8729.059,8982.888,3673.725,1977.326,1884.076,5.981132075,0.327044025,0.371069182,0.421383648,0.471698113
8,17779.97,18623.59,19271.84,25621.3,27586.28,28313.4,5463.315,3531.384,3610.505,6.028985507,0.326086957,0.456521739,0.543478261,0.608695652
8,10287.09,10520.05,10670.55,17463.31,18184.08,18503.34,4784.565,3415.507,3420.835,6.93373494,0.319277108,0.421686747,0.481927711,0.530120482
8,11140.29,9529.976,9520.956,20368.05,17472.89,17644.49,5507.318,3428.388,3262.683,5.735294118,0.306722689,0.432773109,0.508403361,0.550420168
8,7127.522,6137.301,6214.834,12863.11,12728.79,13027.38,3791.885,1906.036,1860.448,5.922279793,0.284974093,0.383419689,0.430051813,0.471502591
8,9848.99,8665.382,8797.652,15097.62,13808.51,14242.88,4823.808,2886.339,2848.935,6.595890411,0.287671233,0.404109589,0.45890411,0.54109589
8,10608.52,9220.617,9300.461,17330.79,15835.54,16069.29,5451.388,3443.536,3241.39,5.934883721,0.348837209,0.437209302,0.48372093,0.530232558
8,8418.442,7507.944,7570.244,14905.63,15659.23,16284.46,3810.243,2255.916,2228.478,5.871794872,0.213675214,0.333333333,0.418803419,0.495726496
8,10781.61,7646.651,7714.665,18302.63,18187.58,18586.66,4516.979,2234.587,2075.985,5.958139535,0.302325581,0.418604651,0.455813953,0.520930233
8,12404.33,11461.02,11419.6,19456.43,22215.95,22623.27,6065.994,4664.052,4337.209,5.994845361,0.309278351,0.402061856,0.474226804,0.577319588
8,8051.761,6333.665,6125.925,16902.28,16259.08,16337.48,4439.501,2117.767,1948.654,5.787234043,0.226950355,0.333333333,0.439716312,0.460992908
8,18951.67,21427.3,21452.84,27650.06,34449.6,34406.16,8888.485,5205.621,5190.89,5.894039735,0.38410596,0.543046358,0.582781457,0.622516556
8,7154.108,4979.211,5010.416,13415.85,11165.41,11029.05,3214.676,1455.997,1460.041,6.097435897,0.2,0.307692308,0.374358974,0.471794872
9,6214.873,5760.024,5725.686,11553.74,10469.86,10737.03,3115.068,2026.699,1961.423,5.564935065,0.24025974,0.344155844,0.38961039,0.435064935
9,15531.72,13907.88,13979.9,25962.89,25408.51,25598.04,7846.508,5438.015,5355.378,5.968,0.352,0.488,0.528,0.572
9,3777.575,3271.567,3355.772,6787.041,5609.407,5861.533,1823.906,744.2553,703.0671,5.464864865,0.135135135,0.254054054,0.340540541,0.383783784
9,8685.905,6836.062,6940.126,14905.41,16234.12,16594.34,3471.942,1785.765,1756.638,6.129807692,0.230769231,0.355769231,0.423076923,0.490384615
9,9864,9576.901,9636.207,14905.84,16196.96,16216.55,4636.466,2781.211,2577.452,5.974683544,0.313291139,0.417721519,0.471518987,0.518987342
9,18097.83,17788.11,17786.24,25941.23,26086.29,26260.71,7465.541,5050.695,4883.107,6.147619048,0.404761905,0.50952381,0.533333333,0.566666667
9,14265.02,14043.6,14138.18,26228.79,30495.87,31140.79,6135.147,2699.6,2388.075,5.726851852,0.347222222,0.449074074,0.476851852,0.527777778
9,10375.24,9717.167,9352.101,19484.77,22117.86,21861.91,4408.711,2483.558,2310.601,5.391472868,0.248062016,0.379844961,0.426356589,0.5
9,11871.22,12652.61,12921.45,17267.7,21028.91,21398.78,5025.848,3922.499,3716.258,6.406593407,0.302197802,0.461538462,0.494505495,0.527472527
9,11204.85,12210.6,12597.78,19905.99,22017.41,22564.84,5169.389,3819.3,3713.107,5.765625,0.3515625,0.4140625,0.453125,0.53125
9,18384.65,19010.41,19129.85,29487.69,37809.58,36834.25,8368.341,6910.715,6711.616,6.243801653,0.371900826,0.495867769,0.516528926,0.611570248
9,9466.017,7344.574,7258.486,12915.81,10729.78,10861.1,4054.031,1987.829,2000.817,5.87109375,0.26953125,0.4140625,0.47265625,0.5390625
9,11413.04,11215.23,11484.87,17119.22,19177.17,19701.91,6705.805,4851.712,4887.874,6.842975207,0.380165289,0.446280992,0.47107438,0.570247934
9,16611.62,17254.67,16982.67,26970.59,27321.5,27656.16,8610.993,6532.778,6465.558,5.988235294,0.411764706,0.537254902,0.568627451,0.596078431
9,6226.772,5158.043,5135.847,9667.721,7998.906,8164.038,2946.149,1442.016,1395.239,5.43537415,0.285714286,0.397959184,0.428571429,0.479591837
9,8194.978,7071.726,6982.193,11888.15,11123.08,10702.99,3934.682,1840.051,1728.253,6.069105691,0.329268293,0.402439024,0.43495935,0.516260163
9,9999.382,6663.268,6267.975,15481.31,13121.63,12541.65,3651.056,1529.42,1346.638,6.072033898,0.283898305,0.415254237,0.466101695,0.516949153
9,8955.079,7835.343,8025.174,12522.01,12969.92,13335.94,4119.013,2088.009,2074.8,5.599099099,0.328828829,0.423423423,0.463963964,0.509009009
9,6352.837,4059.466,4092.038,10717.68,8848.643,8975.836,3320.857,1755.361,1650.821,5.795238095,0.252380952,0.357142857,0.376190476,0.457142857
9,13203,13030.4,13285.69,21797.85,22555.75,23381.33,6311.252,3976.12,3846.466,5.493562232,0.35193133,0.459227468,0.515021459,0.56223176
9,16238.05,16414.84,16579.87,27945,32424.36,33036.89,9749.157,7385.338,7417.596,6.333333333,0.395348837,0.496124031,0.519379845,0.550387597
9,11667.64,9568.18,9470.571,15801.51,15249.1,15576.05,6214.098,3775.965,3597.125,5.734265734,0.321678322,0.398601399,0.51048951,0.545454545
9,12417.64,13006.38,13128.98,21185.01,24790.29,25507.21,5215.651,2564.422,2497.582,6.160714286,0.285714286,0.375,0.428571429,0.464285714
9,15943.2,10431.24,10502.46,28910.81,34084.8,34571.37,4895.888,2045.584,2170.238,5.810810811,0.297297297,0.486486486,0.513513514,0.621621622
9,5154.338,4084.584,4056.269,8249.303,7710.49,8117.838,2406.743,1464.84,1397.594,5.756906077,0.276243094,0.38121547,0.403314917,0.447513812
9,6886.083,5076.869,4903.533,13726.93,11890.65,12091.39,3662.738,1694.972,1684.022,5.607843137,0.294117647,0.379084967,0.45751634,0.490196078
9,11289.43,13576.27,13731.06,21202.74,29030.13,28897.03,6595.022,4628.888,4564.566,5.556016598,0.319502075,0.406639004,0.43153527,0.506224066
9,10913.09,11764.07,11812.85,19424.21,21474.19,21792.68,4375.765,2883.846,2889.97,5.842105263,0.293859649,0.394736842,0.425438596,0.526315789
9,5761.312,4458.994,4416.093,9938.875,7148.106,7346.487,2225.497,933.8075,874.1627,5.02617801,0.235602094,0.329842932,0.418848168,0.455497382
9,8355.308,8263.052,8404.088,13708.1,13513.86,13687.66,3693.64,2555.504,2482.582,5.730941704,0.295964126,0.385650224,0.448430493,0.520179372
9,13760.06,13065.53,13340.33,24203.1,27063.33,27418.51,5903.995,3076.743,2923.038,5.950738916,0.320197044,0.448275862,0.512315271,0.571428571
9,11596.9,10812.83,11035.1,17128.22,17841.55,18275.4,5264.257,3480.255,3508.88,5.928327645,0.337883959,0.447098976,0.491467577,0.529010239
9,13730.88,11597.62,11395.83,17419.99,16667.83,16446.28,7377.476,4557.418,4599.502,6.419087137,0.394190871,0.489626556,0.526970954,0.585062241
9,4953.992,3598.999,3616.942,8769.511,7404.606,7689.397,2006.554,711.8873,729.067,6.022988506,0.210727969,0.275862069,0.356321839,0.406130268
9,18384.65,19010.41,19129.85,29487.69,37809.58,36834.25,8368.341,6910.715,6711.616,6.243801653,0.371900826,0.495867769,0.516528926,0.611570248
9,12491.62,12287.74,12401.09,22742.86,24866.87,24767.75,5981.727,3934.636,3711.005,5.717761557,0.369829684,0.450121655,0.484184915,0.515815085
9,5320.934,4700.244,4765.606,9382.353,8699.494,9096.655,2316.686,1337.716,1272.473,5.868525896,0.231075697,0.35059761,0.374501992,0.446215139
9,12404.33,11461.02,11419.6,19456.43,22215.95,22623.27,6065.994,4664.052,4337.209,5.994845361,0.309278351,0.402061856,0.474226804,0.577319588
9,11176.62,8958.541,8811.903,17992.4,17678.6,18267.76,4330.842,1841.653,1707.737,6.170984456,0.202072539,0.367875648,0.440414508,0.507772021
9,5785.471,4662.367,4673.915,10580.78,8505.096,8967.161,1967.3,757.8924,670.1394,6.017621145,0.193832599,0.27753304,0.400881057,0.431718062
9,6383.866,4634.63,4766.573,11574.07,9867.882,10371.95,3616.889,1668.706,1665.33,6.095959596,0.267676768,0.373737374,0.429292929,0.454545455
9,10913.09,11764.07,11812.85,19424.21,21474.19,21792.68,4375.765,2883.846,2889.97,5.842105263,0.293859649,0.394736842,0.425438596,0.526315789
9,11991.77,10888.17,11011.83,28840.68,29737.51,30522.24,6974.834,4763.025,4795.849,6.046632124,0.331606218,0.404145078,0.476683938,0.512953368
9,8418.442,7507.944,7570.244,14905.63,15659.23,16284.46,3810.243,2255.916,2228.478,5.871794872,0.213675214,0.333333333,0.418803419,0.495726496
9,8697.036,8492.107,8679.674,14877.21,15731.51,16014.51,5028.407,3489.467,3449.251,5.89632107,0.301003344,0.391304348,0.451505017,0.488294314
9,17587.38,18361.78,18747.77,30887.1,37690.91,38074.72,9094.677,5301.087,5070.759,6.26446281,0.309917355,0.409090909,0.487603306,0.566115702
10,7338.8,6475.433,6426.315,11970.39,12648.58,13008.26,2946.671,1677.992,1624.631,5.44,0.216,0.32,0.384,0.46
10,9527.534,9053.707,8730.076,13442.14,16677.75,16843.79,3991.965,2177.497,2161.801,5.467741935,0.282258065,0.419354839,0.475806452,0.524193548
10,18328.51,17295.5,17484.24,25047.42,28119.81,28360.65,6674.266,4077.541,4046.407,5.983050847,0.31779661,0.487288136,0.542372881,0.584745763
10,21691.55,20724.79,20914.57,32578.75,37231.07,38041.7,13442.64,9379.597,9113.89,5.972972973,0.468468468,0.531531532,0.594594595,0.626126126
10,5320.934,4700.244,4765.606,9382.353,8699.494,9096.655,2316.686,1337.716,1272.473,5.868525896,0.231075697,0.35059761,0.374501992,0.446215139
10,6123.468,4919.19,5078.011,10000.73,8377.606,8646.649,3475.971,2153.738,2199.987,5.669856459,0.282296651,0.387559809,0.411483254,0.454545455
10,8455.694,6700.919,6640.264,13352.08,11576.15,11844.86,3921.917,1625.51,1622.874,6.347305389,0.305389222,0.395209581,0.431137725,0.479041916
10,7650.775,5295.625,5297.709,12866.16,11777.73,11927.43,4138.112,2031.362,1921.873,6.052980132,0.281456954,0.357615894,0.400662252,0.456953642
10,7942.601,6304.986,6390.394,13028.86,13450,13686.47,3676.101,1728.001,1534.543,5.802575107,0.300429185,0.394849785,0.433476395,0.497854077
10,16611.62,17254.67,16982.67,26970.59,27321.5,27656.16,8610.993,6532.778,6465.558,5.988235294,0.411764706,0.537254902,0.568627451,0.596078431
10,7317.588,5577.089,5502.831,12279.11,12179.06,12480.48,3329.405,1913.913,1845.221,6.198555957,0.25631769,0.368231047,0.393501805,0.501805054
10,7347.273,5122.457,5134.234,11732.35,11436.04,11574.49,3943.42,2324.471,2231.282,5.777003484,0.24738676,0.365853659,0.411149826,0.449477352
10,7775.151,5602.973,5557.295,14131.59,13437.89,13289.59,2996.69,1274.499,1206.005,6.535087719,0.214912281,0.368421053,0.447368421,0.495614035
10,15531.72,13907.88,13979.9,25962.89,25408.51,25598.04,7846.508,5438.015,5355.378,5.968,0.352,0.488,0.528,0.572
10,9067.474,9050.058,9186.336,14385.04,15488.5,15770.93,4957.74,2653.181,2659.032,5.894736842,0.330827068,0.417293233,0.462406015,0.545112782
10,11991.77,10888.17,11011.83,28840.68,29737.51,30522.24,6974.834,4763.025,4795.849,6.046632124,0.331606218,0.404145078,0.476683938,0.512953368
10,9709.232,9266.921,9334.534,15636.27,15865.43,16023.64,5815.087,4439.702,4338.569,5.851405622,0.385542169,0.425702811,0.46184739,0.522088353
10,9751.171,7839.409,8033.04,16485.9,17814.87,18054.54,4313.094,2167.339,2115.109,6.008163265,0.306122449,0.387755102,0.440816327,0.514285714
10,15978.23,16753.63,17049.9,24076.55,29416.01,29562.02,6310.848,3482.01,3387.919,7.303278689,0.344262295,0.446721311,0.5,0.56147541
10,12210.96,11075.69,11068.1,17466.56,18221.79,17923.61,6445.495,3236.187,3101.996,5.857798165,0.316513761,0.426605505,0.467889908,0.509174312
10,11596.9,10812.83,11035.1,17128.22,17841.55,18275.4,5264.257,3480.255,3508.88,5.928327645,0.337883959,0.447098976,0.491467577,0.529010239
10,13527.59,12462.2,12434.9,18290.06,17921.77,18125.22,5419.615,2951.37,2861.289,5.804780876,0.290836653,0.410358566,0.470119522,0.541832669
10,6803.869,6184.642,6229.296,14779.09,16634.35,16829.91,3388.285,1613.608,1522.683,5.64159292,0.296460177,0.327433628,0.367256637,0.42920354
10,10608.52,9220.617,9300.461,17330.79,15835.54,16069.29,5451.388,3443.536,3241.39,5.934883721,0.348837209,0.437209302,0.48372093,0.530232558
10,10582.13,8203.706,7854.749,15471.43,14677.32,15534.3,6214.456,2656.03,2326.828,5.909090909,0.3,0.4,0.454545455,0.5
10,5850.376,4981.735,5068.186,10394.92,10091.41,10468.16,3243.077,1960.029,1886.476,6.015503876,0.298449612,0.337209302,0.38372093,0.468992248
10,13777.34,10855.64,10846.47,18048.83,18231.74,18438.49,4750.493,2201.371,2037.084,6.027027027,0.283783784,0.452702703,0.527027027,0.560810811
10,3789.282,3291.494,3317.404,6965.733,6514.227,6800.291,1482.237,579.0091,533.9147,6.038461538,0.166666667,0.230769231,0.294871795,0.358974359
10,4575.396,2857.398,2794.931,8061.499,5533.873,5742.408,1851.967,760.0896,743.0686,5.523255814,0.162790698,0.23255814,0.313953488,0.360465116
10,4468.034,3677.319,3623.854,7214.2,6682.406,6803.211,1547.65,720.371,672.7762,5.699152542,0.161016949,0.296610169,0.368644068,0.398305085
10,12729.68,13126.39,13281.8,20500.71,22515.33,22347.9,6381.487,4011.608,4012.164,6.376068376,0.371794872,0.5,0.547008547,0.581196581
10,22066.31,19160.01,19191.86,31652.56,34822.08,34967.31,6711.296,3583.671,3441.53,6.38028169,0.389671362,0.525821596,0.572769953,0.633802817
10,7061.219,5570.632,5546.59,13446.29,12627.71,12499.78,2835.209,1211.996,1165.789,6.027027027,0.198198198,0.301801802,0.355855856,0.445945946
10,16806.47,14835.8,14706.16,28511.29,29734.84,29600.9,8395.409,5335.511,5115.138,6.262008734,0.318777293,0.3930131,0.471615721,0.519650655
10,8860.254,7496.935,7578.184,15575.54,14492.48,14807.77,3961.938,2056.497,2020.233,6.048507463,0.28358209,0.380597015,0.417910448,0.52238806
10,19640.42,18974.53,18575.05,25817.5,28159.6,28194.95,11163.93,8776.928,8462.044,8.28372093,0.48372093,0.590697674,0.627906977,0.651162791
10,6441.241,3767.943,3749.737,11364.83,9638.919,9525.209,3154.735,1538.126,1513.236,6.374269006,0.216374269,0.304093567,0.362573099,0.421052632
10,8697.036,8492.107,8679.674,14877.21,15731.51,16014.51,5028.407,3489.467,3449.251,5.89632107,0.301003344,0.391304348,0.451505017,0.488294314
10,12238.79,10690.91,10451.64,22495.57,22268.16,22322,5989.52,3307.392,3289.664,6.319444444,0.342592593,0.421296296,0.476851852,0.541666667
10,9480.753,8886.284,9002.302,13881.34,13784.65,13962.25,4159.048,2071.927,2060.277,6.103305785,0.305785124,0.384297521,0.438016529,0.516528926
10,8263.717,6426.953,5990.512,14434.8,12554.25,12420.94,5110.558,2299.903,2037.314,6.424870466,0.29015544,0.352331606,0.383419689,0.476683938