{
  "role.metastasis.cell.Matrix.migration": "cell_line_tumor",
  "nucleotide.human.activities.detected.Antisense": "cell_line_tumor",
  "uracil.analogs.diphosphate.standard.weaker": "cell_line_tumor",
  "methyltransferases.chromatin.variant.maintaining.future": "cell_line_tumor",
  "kinase.effects.inhibitor.Concurrent.xenograft": "signal_transduction",
  "substitution.position.Abeta.transporters.peptide": "molecular_sequence_data",
  "processes.Src.dependent.concentrations.seemed": "signal_transduction",
  "describes.increased.may.formation.fiber": "signal_transduction",
  "production.suppressed.phosphorylation.results.induces": "signal_transduction",
  "overexpression.method.protein.overexpression.decreased": "signal_transduction",
  "insulin.via.interaction.enzymatic.bifurcation": "signal_transduction",
  "earlier.factors.resulting.large.overweight": "obesity",
  "consequence.economic.countries.apparent.disease": "obesity",
  "overweight.intracranial.significant.respect.regression": "obesity",
  "Notch.signaling.male.control.increased": "signal_transduction",
  "study.beta.independent.characteristics.tools": "cell_line_tumor",
  "progression.mast.MCs.evaluated.selected": "cell_line_tumor",
  "exerts.silico.mediated.also.anticancer": "cell_line_tumor",
  "observed.luxuriously.alkaline.sphingosine.involved": "cell_line_tumor",
  "obstructive.lipopolysaccharides.pathway.activation.species": "cell_line_tumor",
  "studies.sites.crude.various.receptor": "signal_transduction",
  "degree.Many.deficiencies.Devices.several": "obesity",
  "continues.role.changes.levels.levels": "obesity",
  "maternal.median.cervical.significantly.nearly": "obesity",
  "youth.evaluated.zBMI.remained.detected": "obesity",
  "household.survey.lipid.strategy.prevention": "obesity",
  "group.starting.low.work.receiving": "obesity",
  "sleep.apnoea.breathing.disturbance.chronic": "obesity",
  "circulating.fasting.previously.described.since": "obesity",
  "probable.spot.electrophysiologic.vitamin.curve": "obesity",
  "stroke.obesity.syndrome.worse.following": "obesity",
  "highly.species.benefits.may.new": "obesity",
  "studies.counterflow.counterflow.fluorescent.showed": "algorithms",
  "goal.physiologically.algorithm.cycle.neural": "algorithms",
  "functions.molecules.data.incorporation.demonstrates": "algorithms",
  "guidelines.validity.discreet.content.explicit": "algorithms",
  "One.algorithm.unsupervised.healthy.adjust": "algorithms",
  "analysis.view.analysis.appearance.demonstrated": "algorithms",
  "volumetric.trained.determine.Subjects.quantitative": "algorithms",
  "upon.native.estimated.Monte.force": "algorithms",
  "may.lower.axes.axes.skewed": "algorithms",
  "education.indicators.major.frequent.screening": "obesity",
  "compounds.represent.pharmacological.Carboplatin.may": "neoplasms",
  "plays.degradation.proteins.multiple.several": "neoplasms",
  "analysis.decrease.band.leads.presence": "neoplasms",
  "motion.acquisition.sampling.accuracy.fewer": "algorithms",
  "Care.networks.developing.together.building": "neoplasms",
  "overweight.obesity.cardiovascular.paper.beneficial": "neoplasms",
  "ligamentous.Recommendations.Arthroscopic.apparatus.indicated": "algorithms",
  "blood.cardiac.randomized.mean.less": "algorithms",
  "advances.even.relative.Approximate.need": "algorithms",
  "packets.optical.shorter.ultrafast.extended": "algorithms",
  "primers.human.number.breast.leads": "neoplasms",
  "increase.separation.eliminated.twelve.molecules": "neoplasms",
  "tumor.single.states.types.significant": "neoplasms",
  "activation.synthesis.extent.toxicity.recent": "neoplasms",
  "aureus.immune.response.Karnofsky.treatment": "neoplasms",
  "involved.response.developed.Restricted.summarize": "neoplasms",
  "glycogen.without.part.total.positively": "neoplasms",
  "results.correlates.incomplete.findings.assay": "neoplasms",
  "fluorescence.digital.video.filters.small": "neoplasms",
  "determined.images.Linear.significant.Percentage": "magnetic_resonance_imaging",
  "images.outward.horizontal.sulcus.rostral": "magnetic_resonance_imaging",
  "absence.activation.subgroups.could.mechanisms": "magnetic_resonance_imaging",
  "seen.Segond.plain.likely.ligamental": "magnetic_resonance_imaging",
  "osteomyelitis.Haemophilus.previously.four.caused": "magnetic_resonance_imaging",
  "developed.cord.signal.diagnosis.discovery": "magnetic_resonance_imaging",
  "examination.wall.Index.index.wall": "magnetic_resonance_imaging",
  "precontrast.sensitivity.results.motion.better": "magnetic_resonance_imaging",
  "axial.slices.healthy.vertebrae.Compared": "magnetic_resonance_imaging",
  "factor.axis.population.performed.dysfunction": "magnetic_resonance_imaging",
  "extent.accurately.ability.appears.planning": "magnetic_resonance_imaging",
  "two.imaging.demonstrate.application.vivo": "magnetic_resonance_imaging",
  "expression.lower.displayed.overall.Western": "cell_line_tumor",
  "structures.vitro.human.line.values": "cell_line_tumor",
  "IgA.show.synthesize.disulfide.stabilizes": "cell_line_tumor",
  "infants.situations.treated.necessary.remains": "magnetic_resonance_imaging",
  "severely.immunodepressed.fulminant.genetic.unusual": "magnetic_resonance_imaging",
  "least.show.key.robustness.challenge": "magnetic_resonance_imaging",
  "sensitivity.confirmed.confirmed.induces.role": "cell_line_tumor",
  "cell.studied.main.regulatory.encompassed": "cell_line_tumor",
  "cells.Inhibition.adhesion.treated.laminin": "cell_line_tumor",
  "expression.synthesizes.mutant.wild.may": "molecular_sequence_data",
  "degenerate.conserved.used.two.encoding": "molecular_sequence_data",
  "cDNA.diabetes.transmembrane.fragments.Alu": "molecular_sequence_data",
  "hypothesized.halves.prepared.residue.suggesting": "molecular_sequence_data",
  "defective.secretion.Ala.model.salt": "molecular_sequence_data",
  "primary.liver.liver.times.greater": "molecular_sequence_data",
  "loops.Data.also.pathways.clear": "molecular_sequence_data",
  "causes.using.advanced.analyzed.histones": "molecular_sequence_data",
  "click.via.mutant.quantitatively.investigating": "molecular_sequence_data",
  "epsin.location.clathrin.decrease.innovation": "molecular_sequence_data",
  "mediated.goldfish.injection.direct.immunoreactivities": "signal_transduction",
  "genetic.minimal.tuberous.dimer.inhibitory": "signal_transduction",
  "pathogenesis.approximately.role.changes.play": "signal_transduction",
  "Injection.well.bind.effect.may": "signal_transduction",
  "acting.arrest.associated.cyclin.directly": "molecular_sequence_data",
  "proteins.acids.interactions.acid.physicochemical": "molecular_sequence_data",
  "exons.protein.encoded.acid.rod": "molecular_sequence_data",
  "inflammasome.cysteine.processing.cytokines.human": "signal_transduction"
}