{
  "significantly.adencarcinoma.mRNA.protein.respectively": "cell_line_tumor",
  "kinase.become.regulation.inhibition.present": "cell_line_tumor",
  "management.Costa.Rican.four.treat": "cell_line_tumor",
  "activity.tumors.important.role.neutrophil": "cell_line_tumor",
  "renal.profibrotic.levels.factor.gene": "signal_transduction",
  "hamster.complete.end.boundaries.human": "molecular_sequence_data",
  "intact.assay.reflected.resulted.act": "signal_transduction",
  "artery.actin.independent.renders.overexpressing": "signal_transduction",
  "production.production.whereas.degradation.induces": "signal_transduction",
  "different.shown.potent.lipid.factors": "signal_transduction",
  "signal.stimulation.inducing.cell.extremely": "signal_transduction",
  "low.likely.widespread.phenotypic.marker": "obesity",
  "cardiovascular.without.using.compared.association": "obesity",
  "measures.high.associated.starchy.fat": "obesity",
  "running.harvested.observed.elevated.myoblasts": "signal_transduction",
  "succinate.expression.ability.activity.activity": "cell_line_tumor",
  "peritumoral.MCs.microarrays.related.also": "cell_line_tumor",
  "exhibits.prediction.using.supported.tumor": "cell_line_tumor",
  "isolated.growth.suggested.serine.activity": "cell_line_tumor",
  "matrix.secretion.activated.results.also": "cell_line_tumor",
  "effects.intracellular.grown.synthesis.common": "signal_transduction",
  "study.restrict.allocated.group.method": "obesity",
  "weight.weight.accompanied.maintenance.higher": "obesity",
  "obesity.blood.indices.medium.irrespective": "obesity",
  "First.conducted.aerobic.zWC.increased": "obesity",
  "attitudes.study.use.understand.increasing": "obesity",
  "trials.pyridoxine.day.placebo.attributed": "obesity",
  "never.Smoking.Whereas.likely.mechanisms": "obesity",
  "receptor.fed.properties.similar.hypothyroid": "obesity",
  "onset.bypass.disclosed.probable.vitamin": "obesity",
  "diabetes.metabolic.birth.markedly.outcomes": "obesity",
  "Disturbances.metabolic.induced.without.min": "obesity",
  "interacts.processes.first.computational.experimental": "algorithms",
  "horizontal.lenses.given.statistically.lens": "algorithms",
  "context.neuronal.shape.dense.nuclei": "algorithms",
  "testing.diagnosis.assessing.hospitals.disease": "algorithms",
  "patterns.system.reaction.display.form": "algorithms",
  "many.mutators.deleterious.occasionally.interplay": "algorithms",
  "presence.distribution.strong.colour.objective": "algorithms",
  "distance.genomes.insertions.new.together": "algorithms",
  "produced.deleterious.individuals.selection.important": "algorithms",
  "use.pill.among.significantly.alcohol": "obesity",
  "induced.downstream.reprogramming.enhanced.tightly": "neoplasms",
  "key.target.focus.development.clinical": "neoplasms",
  "alcohol.role.Italy.Kingdom.notably": "neoplasms",
  "Turboprop.sampling.optimal.demonstrated.estimation": "algorithms",
  "market.key.Haematococcus.possesses.nutraceutical": "neoplasms",
  "drug.increase.potential.target.approach": "neoplasms",
  "interface.tools.view.higher.coefficient": "algorithms",
  "define.men.significantly.antigen.group": "algorithms",
  "discrepancies.freely.sampling.protein.deficiencies": "algorithms",
  "temporal.appropriately.shown.ultrafast.extended": "algorithms",
  "chronic.parents.caring.well.idea": "neoplasms",
  "idiopathic.women.prevalence.per.thorough": "neoplasms",
  "require.terminal.RTKs.causes.inhibition": "neoplasms",
  "role.looked.tobacco.levels.smoking": "neoplasms",
  "available.Another.delivery.nontumor.combination": "neoplasms",
  "complex.study.rejection.Weger.contained": "neoplasms",
  "without.microspectrophotometry.rich.granules.also": "neoplasms",
  "cells.biochemical.deficiency.deficient.enhanced": "neoplasms",
  "based.Color.filters.detection.specific": "neoplasms",
  "imaging.obviates.technique.human.offers": "magnetic_resonance_imaging",
  "spontaneous.multimodal.nature.opportunity.nature": "magnetic_resonance_imaging",
  "appearances.nasopharyngeal.findings.hypoenhancement.typical": "magnetic_resonance_imaging",
  "clinical.intraocular.anatomopathologic.children.confirmed": "magnetic_resonance_imaging",
  "ability.administration.aggregated.temperature.results": "magnetic_resonance_imaging",
  "schwannomas.tumors.elements.diagnosis.schwannoma": "magnetic_resonance_imaging",
  "myoclonic.compared.brain.diffuse.compared": "magnetic_resonance_imaging",
  "rare.diagnosed.pathologic.conclude.subtypes": "magnetic_resonance_imaging",
  "atypical.choreiform.ataxia.putaminal.found": "magnetic_resonance_imaging",
  "magnetic.model.parameters.phase.obviates": "magnetic_resonance_imaging",
  "evoked.axis.allowing.prognostic.regular": "magnetic_resonance_imaging",
  "labelling.two.probes.resonance.via": "magnetic_resonance_imaging",
  "study.human.breast.expression.levels": "cell_line_tumor",
  "platelets.process.may.present.management": "cell_line_tumor",
  "interference.possible.isoform.altering.expression": "cell_line_tumor",
  "hearing.report.audiologic.morphological.ease": "magnetic_resonance_imaging",
  "cerebral.due.suggest.factors.clinical": "magnetic_resonance_imaging",
  "evidence.linear.fluctuations.appearance.challenge": "magnetic_resonance_imaging",
  "stress.direct.interaction.following.Thr": "cell_line_tumor",
  "loss.process.cell.regulating.gene": "cell_line_tumor",
  "protein.known.production.pregnancy.cells": "cell_line_tumor",
  "acid.sequence.nucleotide.cDNA.acid": "molecular_sequence_data",
  "aqueous.mesh.exhibits.also.significant": "molecular_sequence_data",
  "motifs.SpI.binding.named.units": "molecular_sequence_data",
  "except.data.equal.degrees.would": "molecular_sequence_data",
  "linear.affinity.affinity.hybridoma.gradient": "molecular_sequence_data",
  "proceeds.subsequent.genes.genes.insertion": "molecular_sequence_data",
  "completely.predicted.showed.prevents.increased": "molecular_sequence_data",
  "previously.developing.genomic.break.production": "molecular_sequence_data",
  "torCAD.operon.TorS.experiments.torC": "molecular_sequence_data",
  "principally.trafficking.analysis.budding.innovation": "molecular_sequence_data",
  "RhoA.results.signaling.regulated.one": "signal_transduction",
  "uncloned.immunodeficient.expression.three.Western": "signal_transduction",
  "appears.better.elucidation.forms.refine": "signal_transduction",
  "retinal.Autoimmune.autoimmune.cytokines.expression": "signal_transduction",
  "checkpoint.defective.histones.severe.results": "molecular_sequence_data",
  "receptors.predominant.learning.characterize.interactions": "molecular_sequence_data",
  "rat.gene.calculated.portion.little": "molecular_sequence_data",
  "found.role.parasite.discuss.roles": "signal_transduction"
}