{
  "matched.culture.throughout.receptor.antagonists": "cell_line_tumor",
  "intracellular.alteration.synthesis.acid.particularly": "cell_line_tumor",
  "oesophageal.using.activity.apoptotic.beneficial": "cell_line_tumor",
  "cells.western.clinical.analysis.marker": "cell_line_tumor",
  "pathogens.features.observed.experiments.role": "signal_transduction",
  "glacial.described.includes.Wales.discrepancies": "molecular_sequence_data",
  "may.phenotype.normal.uncomplicated.without": "signal_transduction",
  "disorders.production.production.parallel.may": "signal_transduction",
  "drug.excess.dexamethasone.mifepristone.rat": "signal_transduction",
  "mammalian.functions.cell.cycle.case": "signal_transduction",
  "isoform.lines.binding.induced.striking": "signal_transduction",
  "physical.separated.biases.additive.uncertainties": "obesity",
  "body.mechanisms.correspond.physical.humans": "obesity",
  "muscle.characterized.muscles.cells.Isolated": "signal_transduction",
  "kinase.cytoskeleton.contractility.phosphomimicking.pathways": "signal_transduction",
  "reduction.NPs.NPs.optical.size": "cell_line_tumor",
  "recurrence.tissue.Compared.associated.may": "cell_line_tumor",
  "potential.exerts.target.vivo.anticancer": "cell_line_tumor",
  "luxuriously.highly.magnetic.presence.adenocarcinoma": "cell_line_tumor",
  "shown.present.activation.cells.specific": "cell_line_tumor",
  "various.using.cleaved.basic.lineage": "signal_transduction",
  "carbohydrate.metabolism.intensive.challenges.levels": "obesity",
  "receptor.obese.mean.duration.given": "obesity",
  "plants.activity.prevention.activity.measured": "obesity",
  "circumstances.pain.pain.among.results": "obesity",
  "Indian.Participants.underreported.body.results": "obesity",
  "Female.estrogen.mass.well.balance": "obesity",
  "studies.mice.marked.compared.littermate": "obesity",
  "man.onset.spot.therapy.electroretinogram": "obesity",
  "pyridoxine.period.Trial.starting.lower": "obesity",
  "performed.class.pedobarographic.total.contact": "obesity",
  "immune.adipose.affects.adults.millions": "obesity",
  "state.limit.lead.balanced.elongated": "algorithms",
  "sex.incidence.infer.acquired.Victoria": "algorithms",
  "healing.DFUs.examine.referral.specified": "algorithms",
  "ontology.MeSH.ImageCLEFmed.list.expand": "algorithms",
  "control.uniform.sonications.online.applied": "algorithms",
  "crystallographic.SwS.basis.help.allow": "algorithms",
  "normal.detection.universal.threshold.preliminary": "algorithms",
  "occurs.Common.hemolytic.membrane.deficiency": "algorithms",
  "medical.use.rate.among.variables": "obesity",
  "increased.high.control.may.fasted": "obesity",
  "cancer.screening.healthcare.individuals.funding": "neoplasms",
  "incidence.populations.differences.exist.published": "neoplasms",
  "parameters.determine.rotation.number.appropriate": "algorithms",
  "models.tool.provide.freely.Monte": "algorithms",
  "cancers.derived.provide.ultraviolet.need": "neoplasms",
  "providers.Seeking.capacity.distress.understanding": "neoplasms",
  "rather.configurations.residues.eplets.ability": "algorithms",
  "decreased.Premature.destruction.hereditary.negative": "algorithms",
  "packets.pulses.equation.ultrafast.delivered": "algorithms",
  "visible.cardiovascular.statistical.data.around": "algorithms",
  "terms.flow.overcome.associated.certain": "neoplasms",
  "outpatient.assess.chosen.initiated.expected": "neoplasms",
  "ill.following.patients.uncomfortable.staff": "neoplasms",
  "inflammation.joints.respiratory.recovery.caused": "neoplasms",
  "localisation.patients.ambiguous.per.higher": "neoplasms",
  "exploration.carotid.main.new.depicted": "neoplasms",
  "human.intensity.determined.makes.total": "neoplasms",
  "show.chromatid.repair.accumulate.radiosensitivity": "neoplasms",
  "fluorescence.image.used.detection.drug": "neoplasms",
  "endomyocardial.test.associated.maintained.echocardiography": "magnetic_resonance_imaging",
  "nervous.usually.middle.carotid.particularly": "magnetic_resonance_imaging",
  "methods.general.Reduced.strain.Balanced": "magnetic_resonance_imaging",
  "course.routine.may.broad.contrast": "magnetic_resonance_imaging",
  "bleeding.prevent.proved.severity.conditions": "magnetic_resonance_imaging",
  "solvent.associated.exposure.scans.associated": "magnetic_resonance_imaging",
  "whether.signal.intensity.images.lipid": "magnetic_resonance_imaging",
  "patients.patients.much.severe.Endomyocarditis": "magnetic_resonance_imaging",
  "usually.Retrospective.review.diagnosed.imaging": "magnetic_resonance_imaging",
  "Computer.increased.associated.reduced.accuracy": "magnetic_resonance_imaging",
  "lines.line.anterior.postulate.via": "magnetic_resonance_imaging",
  "kinds.fluorescent.magnetic.resonance.demonstrate": "magnetic_resonance_imaging",
  "tumors.directly.growth.rat.carcinoma": "cell_line_tumor",
  "magnetic.multifunctional.doxorubicin.therapy.multifunctional": "cell_line_tumor",
  "spongiform.mouse.able.might.development": "cell_line_tumor",
  "months.auditory.inform.improved.surgical": "magnetic_resonance_imaging",
  "usually.immunodepressed.death.aneurysms.propose": "magnetic_resonance_imaging",
  "brain.healthy.power.observations.good": "magnetic_resonance_imaging",
  "proCD.assembled.media.plasmon.stimulated": "cell_line_tumor",
  "Copenhagen.soft.microarray.inhibited.activation": "cell_line_tumor",
  "Dysregulation.Axl.several.Axl.proliferation": "cell_line_tumor",
  "mechanisms.hPL.several.structure.correlated": "molecular_sequence_data",
  "elemental.MerB.characterized.hydrocarbon.variety": "molecular_sequence_data",
  "form.motifs.Efhand.named.coding": "molecular_sequence_data",
  "vivax.repeat.species.large.also": "molecular_sequence_data",
  "component.mitochondrial.find.fluorescent.Cells": "molecular_sequence_data",
  "three.peptide.inconsistently.solvent.acetic": "molecular_sequence_data",
  "ray.acclimated.periods.protein.polyclonal": "molecular_sequence_data",
  "sequences.NSs.role.preventing.Anopheles": "molecular_sequence_data",
  "frogs.rugosa.gonadal.gonad": "molecular_sequence_data",
  "principally.membrane.origins.organism.membrane": "molecular_sequence_data",
  "cells.somatostatin.endogenous.proteins.roles": "signal_transduction",
  "blood.role.maximum.peak.third": "signal_transduction",
  "Reepithelialization.responsible.cutaneous.increase.modulation": "signal_transduction",
  "membrane.Rho.inhibition.Rho.results": "signal_transduction",
  "mRNA.microtubules.microtubules.defects.cycle": "molecular_sequence_data",
  "signaling.constitute.residues.encode.displayed": "molecular_sequence_data",
  "acid.four.genes.exon.observed": "molecular_sequence_data",
  "mild.labor.either.activation.elevated": "signal_transduction"
}