{
  "doxorubicin.encapsulating.subcutaneous.acidic.improve": "cell_line_tumor",
  "tumors.role.cell.promoting.might": "cell_line_tumor",
  "oligonucleotide.genes.signal.signals.boosted": "cell_line_tumor",
  "chondrosarcoma.cell.expressions.polymerase.tumorigenicity": "cell_line_tumor",
  "proposed.suggests.mechanism.zone.present": "signal_transduction",
  "aspects.open.homology.carry.within": "molecular_sequence_data",
  "delta.showed.enzyme.regulates.mechanism": "signal_transduction",
  "leading.independent.rather.Results.activates": "signal_transduction",
  "autoimmune.activation.suppressed.increasing.potentiates": "signal_transduction",
  "mice.gene.chromosome.together.pathological": "signal_transduction",
  "like.nature.therapeutic.interactions.given": "signal_transduction",
  "males.analysis.years.one.Overweight": "obesity",
  "children.conditions.order.obesity.risks": "obesity",
  "Height.weight.associated.total.importance": "obesity",
  "Notch.mice.Muscle.increased.Isolated": "signal_transduction",
  "roles.human.Western.stage.either": "cell_line_tumor",
  "peritumoral.enumeration.subgroups.related.early": "cell_line_tumor",
  "antitumorigenic.regarded.might.inhibiting.suppressed": "cell_line_tumor",
  "rRNA.luxuriously.Orange.mammary.adenocarcinoma": "cell_line_tumor",
  "expression.investigated.cells.also.mediated": "cell_line_tumor",
  "alpha.using.observed.cytoskeletal.significantly": "signal_transduction",
  "behavior.compared.end.decreased.use": "obesity",
  "gallstones.gallbladders.without.measured.included": "obesity",
  "patients.efforts.habits.already.achieved": "obesity",
  "cells.cytokines.inconsistent.positive.cytotoxicity": "obesity",
  "body.concordance.sample.overestimated.estimates": "obesity",
  "pyridoxine.volunteered.test.attributed.work": "obesity",
  "synthase.BMMPhi.array.Akt.unveil": "obesity",
  "iodothyronine.nuclear.circulating.Hypothyroid.exist": "obesity",
  "onset.bypass.testing.impaired.adaptation": "obesity",
  "thermogenic.sympathetic.system.fall.altered": "obesity",
  "area.attendance.using.associated.overweight": "obesity",
  "divided.moderate.used.average.directly": "algorithms",
  "malignancy.numerous.cervical.palliative.refractory": "algorithms",
  "unsupervised.Based.recursively.based.allows": "algorithms",
  "performance.aberration.apical.asphericity.ocular": "algorithms",
  "Mixing.image.average.could.significantly": "algorithms",
  "algorithm.Applications.families.shown.modes": "algorithms",
  "technique.distortions.two.images.polynomial": "algorithms",
  "sleep.stages.calculating.amplitude.visual": "algorithms",
  "among.medical.chemotherapy.inoperable.receive": "algorithms",
  "medical.use.relation.medical.potential": "obesity",
  "expansion.require.secondary.vitro.requirement": "neoplasms",
  "factor.cell.gene.various.factor": "neoplasms",
  "room.thin.overall.done.multiple": "neoplasms",
  "lines.motion.multiple.allow.less": "algorithms",
  "ovaries.ovaries.field.duration.several": "neoplasms",
  "using.variables.leukocytes.visual.two": "neoplasms",
  "tumors.aim.human.significant.appeared": "algorithms",
  "understand.distortion.radial.multiple.one": "algorithms",
  "explore.often.relative.refinement.protein": "algorithms",
  "optical.light.visualization.dispersion.ultrafast": "algorithms",
  "limits.radiation.fact.presence.spectroscopy": "neoplasms",
  "majority.performed.thin.Specimens.multiple": "neoplasms",
  "variability.institution.followed.result.temperature": "neoplasms",
  "inhibitors.study.community.drugs.January": "neoplasms",
  "lipid.clinical.revealed.lymphoid.upon": "neoplasms",
  "may.communication.reflecting.effectiveness.instead": "neoplasms",
  "megakaryocytes.determined.intensely.inclusion.part": "neoplasms",
  "chromatid.breaks.enhancement.biochemical.accumulate": "neoplasms",
  "method.background.Color.signal.tumor": "neoplasms",
  "infarction.sense.Respiratory.brain.imaging": "magnetic_resonance_imaging",
  "two.individuals.explore.onset.couplings": "magnetic_resonance_imaging",
  "receiving.complex.upon.earliest.structural": "magnetic_resonance_imaging",
  "patient.areas.generally.development.clue": "magnetic_resonance_imaging",
  "fMRI.auditory.auditory.temporal.behavioral": "magnetic_resonance_imaging",
  "alobar.diabetes.neuronal.concentration.sella": "magnetic_resonance_imaging",
  "congenital.term.extremity.sedation.seems": "magnetic_resonance_imaging",
  "case.bilateral.lower.right.oblongata": "magnetic_resonance_imaging",
  "hip.acetabulum.documented.Despite.sufficient": "magnetic_resonance_imaging",
  "cancer.significant.significant.reduce.prebiopsy": "magnetic_resonance_imaging",
  "motor.movement.direction.recently.adapted": "magnetic_resonance_imaging",
  "two.resonance.imaging.via.vitro": "magnetic_resonance_imaging",
  "metabolic.expression.translational.human.role": "cell_line_tumor",
  "able.replace.archetypical.derivatives.lead": "cell_line_tumor",
  "affinity.Measurement.radioactivity.uptake.demonstrating": "cell_line_tumor",
  "Although.close.response.imaging.ACs": "magnetic_resonance_imaging",
  "form.cerebral.led.clinical.diagnosis": "magnetic_resonance_imaging",
  "brain.assumed.support.reasonably.Although": "magnetic_resonance_imaging",
  "cell.systems.active.peptoid.inhibitor": "cell_line_tumor",
  "efficiency.Despite.translation.experiments.surface": "cell_line_tumor",
  "endocrine.found.mainly.antagonist.resistance": "cell_line_tumor",
  "polymerase.regulatory.involve.Three.four": "molecular_sequence_data",
  "model.gene.similarity.abundance.key": "molecular_sequence_data",
  "growth.factors.act.rat.activity": "molecular_sequence_data",
  "designed.evaluated.residues.related.hemolytic": "molecular_sequence_data",
  "coli.form.blot.residues.processing": "molecular_sequence_data",
  "associated.HeLa.Simple.new.acquisition": "molecular_sequence_data",
  "gene.used.allowed.bloodstream.resulted": "molecular_sequence_data",
  "prevalence.urban.populations.delta.circulation": "molecular_sequence_data",
  "Central.antimicrobial.contains.bond.peptide": "molecular_sequence_data",
  "proteins.genomics.analysis.divergent.similar": "molecular_sequence_data",
  "human.muscle.signaling.flow.exerting": "signal_transduction",
  "antiangiogenic.tocopherol.formation.vein.superior": "signal_transduction",
  "inhibitors.clinical.medullary.integrated.tools": "signal_transduction",
  "channels.aspartate.effect.results.means": "signal_transduction",
  "encodes.growth.leaf.cell.using": "molecular_sequence_data",
  "constitute.among.novel.performance.novel": "molecular_sequence_data",
  "encode.ancestral.previously.arranged.convergent": "molecular_sequence_data",
  "interfering.soft.stimulate.showed.effects": "signal_transduction"
}