{
    "Test1": {
        "Question1": {
            "indices": [
                11,
                22,
                73,
                109,
                115
            ],
            "originalString": "Chronic obstructive pulmonary disease (COPD) is an inflammatory process characterized by airway mucus hypersecretion. Previous studies have reported that lipopolysaccharides (LPS) stimulate mucin 5AC (MUC5AC) production via epidermal growth factor receptor (EGFR) in human airway cells. Moreover, this production was shown to depend on the expression and activity of matrix metalloproteinase 9 (MMP-9), which is increased in COPD patients' serum. In the present study we investigated the signaling pathway mediating LPS-stimulated secretion and activation of MMP-9, and the regulatory effects of this pathway on the production of MUC5AC in the human airway cells NCI-H292. Using specific inhibitors, we found that LPS-stimulated cells secreted and activated MMP-9 via EGFR. Our results also indicate that signaling events downstream of EGFR involved PI3K-dependent activation of Rac1, which mediated the NADPH-generated reactive oxygen species responsible for MMP-9 secretion and activation. Finally, we observed that EGFR/PI3K/Rac1/NADPH/ROS/MMP-9 regulate MUC5AC production in LPS-challenged NCI-H292 cells.",
            "removedWords": [
                "airway",
                "mucin",
                "activation",
                "results",
                "downstream"
            ],
            "topic": "cell_line_tumor"
        },
        "Question10": {
            "indices": [
                1,
                67,
                93,
                118,
                132
            ],
            "originalString": "Four ardeemin derivatives, 5-N-acetylardeemin (1), 5-N-acetyl-15b\u03b2-hydroxyardeemin (2), 5-N-acetyl-15b-didehydroardeemin (3), and 5-N-acetyl-16\u03b1-hydroxyardeemin (4), were isolated from the fermentation broth of an endophytic Aspergillus fumigatus SPS-02 associated with Artemisia annua L. The structures of these metabolites were elucidated by a combination of spectroscopic data, including 1D-, 2D-NMR and MS. In vitro chemosensitization assay indicated that these ardeemins had different activities of reversing the multidrug-resistant (MDR) phenotype in three cancer cell lines, leukemia doxorubicin resistant cell K562/DOX, human lung adenocarcinoma cis-platin-resistant cell A549/DDP, and ovarian cancer cisplatin-resistant cell SK-OV-S/DDP. Compound 4 exhibited the strongest MDR reversing effect at 5\u2005\u03bcM concentration in K562/DOX and A549/DDP cell lines 5.2\u00b10.18-fold, 8.2\u00b10.23-fold, respectively, while compound 2 had the highest reversal capacity in SK-OV-S/DDP cell line with 10.8\u00b10.28 fold. Preliminary investigation of their structure\uf8ffactivity relationship suggested that a OH group at C(15b) or C(16) in ardeemin plays a key role in reversing the MDR effect. It is the first report on ardeemin analogs from endophytic A. fumigatus with reversal effects on MDR cancer cell lines K562/DOX, A549/DDP and SK-OV-S/DDP.",
            "removedWords": [
                "ardeemin",
                "cell",
                "effect",
                "line",
                "group"
            ],
            "topic": "cell_line_tumor"
        },
        "Question100": {
            "indices": [
                28,
                77,
                93,
                116,
                124
            ],
            "originalString": "The integration host factor (IHF) of Escherichia coli is a small, sequence-specific DNA-binding protein. The specific and nonspecific binding constants of IHF were estimated by gel-retardation assays. The equilibrium association constant of IHF for the H' site in lambda attP is 6.8 x 10(8) M-1 (Kd = 1.5 nM), and the nonspecific binding constant is 5.8 x 10(5) M-1 (Kd = 1.7 microM), giving a selectivity of approximately 1,000-fold for a specific site over random sequences. To study the molecular determinants specifying IHF binding, we used a series of 41 oligonucleotides containing adenine analogues that modified the surfaces of the major and minor grooves of the DNA. Many of the analogue substitutions within the previously defined consensus region caused decreased binding. Replacement with various analogues outside the consensus domain had little effect. Quantifying the binding constants for those sites with reduced affinities indicated an interaction with the minor groove within the consensus sequence. The binding constants of sites with 2-aminopurine and an inosine substitution within the same region suggest that IHF may also interact with the major groove. Thus, the specific interaction of IHF with its H' site likely involves interactions with both the minor and major grooves of the DNA.",
            "removedWords": [
                "equilibrium",
                "study",
                "analogues",
                "consensus",
                "analogues"
            ],
            "topic": "molecular_sequence_data"
        },
        "Question11": {
            "indices": [
                4,
                12,
                85,
                101,
                105
            ],
            "originalString": "Myeloma and Chinese hamster ovary (CHO) cells are frequently used for the production of recombinant antibodies. With increasing interest in producing recombinant IgA for protection against infectious agents, it is essential to characterize the IgA produced in these cells. Here we show that while myeloma cells secrete IgA2m(2) predominantly as H(2)L(2), CHO cells secrete H(2)L and H(2) in addition to fully assembled H(2)L(2). When the CHO cells also synthesize J chain and secretory component (SC), polymeric IgA and secretory IgA in which SC is disulfide bonded to the polymeric IgA are produced. Blocking cysteines on purified IgA2m(2) protein by alkylating with iodoacetamide stabilizes the disulfide bonds between the H and L chains suggesting that the disulfide bonds between H and L chains are unstable. Taken together our results suggest that the covalent assembly of IgA2m(2) is different in myeloma and CHO cells.",
            "removedWords": [
                "ovary",
                "production",
                "bonded",
                "iodoacetamide",
                "bonds"
            ],
            "topic": "cell_line_tumor"
        },
        "Question12": {
            "indices": [
                79,
                101,
                119,
                128,
                136
            ],
            "originalString": "Dermcidin (DCD) is a gene for an antimicrobial peptide DCD-1 in human sweat glands. It has become evident that the gene products of DCD exhibit a wide range of biological functions. In addition to its antimicrobial function, it is reported to be a neuronal survival factor, a putative oncogene in breast cancer and a proteolysis-inducing factor (PIF) that induces skeletal muscle proteolysis to cause cancer cachexia. Here we identified DCD in human placental tissue and determined its previously uncharacterized proteolytic activity. We also show that recombinant DCD induced an invasive phenotype in a human choriocarcinoma cell line JAR in vitro. This work suggests that DCD might participate in the regulation of placental function by means of modulating the proteolytic cascades on the trophoblastic cell surface, and might be involved in the pathophysiology of pregnancy-related disorders, as well as cancer and neuronal diseases.",
            "removedWords": [
                "proteolytic",
                "work",
                "cascades",
                "involved",
                "well"
            ],
            "topic": "cell_line_tumor"
        },
        "Question13": {
            "indices": [
                19,
                25,
                39,
                65,
                244
            ],
            "originalString": "Shark cartilage has been used for its beneficial effects on various diseases. There are evidences, that shark cartilage stimulates cellular and humoral immune responses, which makes it an anti-tumor and immunomodulator candidate.\n\nThe immunostimulatory effect of shark cartilage derived proteins on the cytotoxic activity of natural killer (NK) cells from healthy human peripheral blood mononuclear cells was studied.\n\nThe shark cartilage was extracted and its bioactive proteins were purified using ion-exchange chromatography (DE-52) and sequential fractionation on Amicon ultrafiltration membranes. The effect of each protein fraction on the modulation of cytotoxic activity of NK cells, as effectors, against K562, as target cells, was assayed by enzymatic lactate dehydrogenase test.\n\nThe most immunostimulatory effect on the cytotoxic activity of NK cells was observed for AR10 fraction, containing proteins with molecular weight of about 14.5\u2009kDa on the reducible discontinuous sodium dodecyl sulfate polyacrylamide gel electrophoresis.\n\nAmong the examined shark cartilage derived proteins, the most immunostimulatory effects on the NK cells cytotoxicity was found for AR10 fraction with molecular weight of about 14\u2009kDa. We propose-the direct interactions of shark cartilage derived proteins with NK cells surface receptors may lead to the enhancing in the cytotoxic activity of NK cells.\n\nThus AR10 fraction, proteins of about 14.5\u2009kDa, has a novel immunostimulatory effect on the NK cells activity in vitro and if confirmed by in vivo trials, it may lead to its future clinical applications as, immunotherapy of cancer, HIV, and augmentation of host immune system related immunodeficiency disorders.",
            "removedWords": [
                "cellular",
                "makes",
                "proteins",
                "bioactive",
                "related"
            ],
            "topic": "cell_line_tumor"
        },
        "Question14": {
            "indices": [
                29,
                58,
                69,
                95,
                132
            ],
            "originalString": "An amyloid-associated serine proteinase inhibitor (serpin), alpha(1)-antichymotrypsin (ACT), is encoded by a gene located within the distal serpin subcluster on human chromosome 14q32.1. The expression of these distal serpin genes is determined by tissue-specific chromatin structures that allow their ubiquitous expression in hepatocytes; however, their expression is limited to a single ACT gene in astrocytes. In astrocytes and glioma cells, six specific DNase I-hypersensitive sites (DHSs) were found located exclusively in the 5'-flanking region of the ACT gene. We identified two enhancers that mapped to the two DHSs at -13 kb and -11.5 kb which contain activator protein-1 (AP-1) binding sites, both of which are critical for basal astrocyte-specific expression of ACT reporters. In vivo, these elements are occupied by c-jun homodimers in unstimulated cells and c-jun/c-fos heterodimers in interleukin-1-treated cells. Moreover, functional c-jun is required for the expression of ACT in glioma cells because both transient and stable inducible overexpression of dominant-negative c-jun(TAM67) specifically abrogates basal and reduces cytokine-induced expression of ACT. Expression-associated methylation of lysine 4 of histone H3 was also lost in these cells, but the DHS distribution pattern and global histone acetylation were not changed upstream of the ACT locus. Interestingly, functional AP-1 is also indispensable for the expression of glial fibrillary acidic protein (GFAP), which is an astrocyte-specific marker. We propose that AP-1 is a key transcription factor that, in part, controls astrocyte-specific expression of genes including the ACT and GFAP genes.",
            "removedWords": [
                "genes",
                "glioma",
                "exclusively",
                "contain",
                "functional"
            ],
            "topic": "cell_line_tumor"
        }
    }
}