{
  "expression.investigated.cells.also.mediated": 1,
  "shown.present.activation.cells.specific": 0,
  "two.resonance.imaging.via.vitro": 1,
  "kinds.fluorescent.magnetic.resonance.demonstrate": 0,
  "brain.assumed.support.reasonably.Although": 1,
  "brain.healthy.power.observations.good": 0,
  "form.cerebral.led.clinical.diagnosis": 1,
  "usually.immunodepressed.death.aneurysms.propose": 0,
  "Although.close.response.imaging.ACs": 1,
  "months.auditory.inform.improved.surgical": 0,
  "rRNA.luxuriously.Orange.mammary.adenocarcinoma": 1,
  "luxuriously.highly.magnetic.presence.adenocarcinoma": 0,
  "antitumorigenic.regarded.might.inhibiting.suppressed": 1,
  "potential.exerts.target.vivo.anticancer": 0,
  "method.background.Color.signal.tumor": 1,
  "fluorescence.image.used.detection.drug": 0,
  "chromatid.breaks.enhancement.biochemical.accumulate": 1,
  "show.chromatid.repair.accumulate.radiosensitivity": 0,
  "megakaryocytes.determined.intensely.inclusion.part": 1,
  "human.intensity.determined.makes.total": 0,
  "peritumoral.enumeration.subgroups.related.early": 1,
  "recurrence.tissue.Compared.associated.may": 0,
  "lines.motion.multiple.allow.less": 1,
  "parameters.determine.rotation.number.appropriate": 0,
  "explore.often.relative.refinement.protein": 1,
  "models.tool.provide.freely.Monte": 0,
  "optical.light.visualization.dispersion.ultrafast": 1,
  "packets.pulses.equation.ultrafast.delivered": 0,
  "medical.use.relation.medical.potential": 1,
  "medical.use.rate.among.variables": 0,
  "iodothyronine.nuclear.circulating.Hypothyroid.exist": 1,
  "increased.high.control.may.fasted": 0,
  "onset.bypass.testing.impaired.adaptation": 1,
  "man.onset.spot.therapy.electroretinogram": 0,
  "pyridoxine.volunteered.test.attributed.work": 1,
  "pyridoxine.period.Trial.starting.lower": 0,
  "Notch.mice.Muscle.increased.Isolated": 1,
  "muscle.characterized.muscles.cells.Isolated": 0,
  "leading.independent.rather.Results.activates": 1,
  "kinase.cytoskeleton.contractility.phosphomimicking.pathways": 0,
  "autoimmune.activation.suppressed.increasing.potentiates": 1,
  "disorders.production.production.parallel.may": 0,
  "encode.ancestral.previously.arranged.convergent": 1,
  "acid.four.genes.exon.observed": 0,
  "constitute.among.novel.performance.novel": 1,
  "signaling.constitute.residues.encode.displayed": 0,
  "encodes.growth.leaf.cell.using": 1,
  "mRNA.microtubules.microtubules.defects.cycle": 0,
  "proteins.genomics.analysis.divergent.similar": 1,
  "principally.membrane.origins.organism.membrane": 0,
  "matrix.secretion.activated.results.also": 2,
  "labelling.two.probes.resonance.via": 2,
  "evidence.linear.fluctuations.appearance.challenge": 2,
  "cerebral.due.suggest.factors.clinical": 2,
  "hearing.report.audiologic.morphological.ease": 2,
  "isolated.growth.suggested.serine.activity": 2,
  "exhibits.prediction.using.supported.tumor": 2,
  "based.Color.filters.detection.specific": 2,
  "cells.biochemical.deficiency.deficient.enhanced": 2,
  "without.microspectrophotometry.rich.granules.also": 2,
  "peritumoral.MCs.microarrays.related.also": 2,
  "Turboprop.sampling.optimal.demonstrated.estimation": 2,
  "discrepancies.freely.sampling.protein.deficiencies": 2,
  "temporal.appropriately.shown.ultrafast.extended": 2,
  "use.pill.among.significantly.alcohol": 2,
  "receptor.fed.properties.similar.hypothyroid": 2,
  "onset.bypass.disclosed.probable.vitamin": 2,
  "trials.pyridoxine.day.placebo.attributed": 2,
  "running.harvested.observed.elevated.myoblasts": 2,
  "artery.actin.independent.renders.overexpressing": 2,
  "production.production.whereas.degradation.induces": 2,
  "rat.gene.calculated.portion.little": 2,
  "receptors.predominant.learning.characterize.interactions": 2,
  "checkpoint.defective.histones.severe.results": 2,
  "principally.trafficking.analysis.budding.innovation": 2,
  "obstructive.lipopolysaccharides.pathway.activation.species": 3,
  "two.imaging.demonstrate.application.vivo": 3,
  "least.show.key.robustness.challenge": 3,
  "severely.immunodepressed.fulminant.genetic.unusual": 3,
  "infants.situations.treated.necessary.remains": 3,
  "observed.luxuriously.alkaline.sphingosine.involved": 3,
  "exerts.silico.mediated.also.anticancer": 3,
  "fluorescence.digital.video.filters.small": 3,
  "results.correlates.incomplete.findings.assay": 3,
  "glycogen.without.part.total.positively": 3,
  "progression.mast.MCs.evaluated.selected": 3,
  "motion.acquisition.sampling.accuracy.fewer": 3,
  "advances.even.relative.Approximate.need": 3,
  "packets.optical.shorter.ultrafast.extended": 3,
  "education.indicators.major.frequent.screening": 3,
  "circulating.fasting.previously.described.since": 3,
  "probable.spot.electrophysiologic.vitamin.curve": 3,
  "group.starting.low.work.receiving": 3,
  "Notch.signaling.male.control.increased": 3,
  "describes.increased.may.formation.fiber": 3,
  "production.suppressed.phosphorylation.results.induces": 3,
  "exons.protein.encoded.acid.rod": 3,
  "proteins.acids.interactions.acid.physicochemical": 3,
  "acting.arrest.associated.cyclin.directly": 3,
  "epsin.location.clathrin.decrease.innovation": 3
}